1721841117.616391,10.10.1.10:46198,,,10,,19.242
1721841117.758384,10.10.1.10:46212,,,155,149,15.718
1721841117.824047,10.10.1.10:46212,0,8,113,112,13.46
1721841117.890706,10.10.1.10:46212,0,8,115,112,13.353
1721841117.956433,10.10.1.10:46212,0,8,117,112,13.687
1721841118.029929,10.10.1.10:46212,0,8,119,112,14.059
1721841118.096366,10.10.1.10:46212,0,8,122,112,14.265
1721841118.162360,10.10.1.10:46212,0,8,125,112,14.515
1721841118.228026,10.10.1.10:46212,0,8,127,112,14.874
1721841118.301691,10.10.1.10:46212,0,8,129,112,15.176
1721841118.379673,10.10.1.10:46212,0,8,131,112,15.494
1721841118.445215,10.10.1.10:46212,0,8,134,112,15.883
1721841118.510861,10.10.1.10:46212,0,8,136,112,16.014
1721841118.577412,10.10.1.10:46212,0,8,138,112,16.36
1721841118.650895,10.10.1.10:46212,0,8,140,112,16.535
1721841118.717474,10.10.1.10:46212,0,8,143,112,16.863
1721841118.782972,10.10.1.10:46212,0,8,145,112,16.998
1721841118.850179,10.10.1.10:46212,0,8,147,112,17.284
1721841118.915694,10.10.1.10:46212,0,8,148,112,17.563
1721841118.989602,10.10.1.10:46212,0,8,151,112,17.799
1721841119.055017,10.10.1.10:46212,0,8,153,112,18.073
1721841119.121569,10.10.1.10:46212,0,9,108,107,12.649
1721841119.195059,10.10.1.10:46212,0,9,110,107,12.951
1721841119.268614,10.10.1.10:46212,0,9,113,107,13.059
1721841119.334462,10.10.1.10:46212,0,9,116,107,13.547
1721841119.403709,10.10.1.10:46212,0,9,119,107,14.011
1721841119.469028,10.10.1.10:46212,0,9,121,107,14.136
1721841119.542492,10.10.1.10:46212,0,9,124,107,14.546
1721841119.620012,10.10.1.10:46212,0,9,126,107,14.81
1721841119.687215,10.10.1.10:46212,0,9,129,107,15.117
1721841119.752607,10.10.1.10:46212,0,9,131,107,15.432
1721841119.819561,10.10.1.10:46212,0,9,133,107,15.594
1721841119.884991,10.10.1.10:46212,0,9,136,107,15.935
1721841119.951611,10.10.1.10:46212,0,9,138,107,16.205
1721841120.017032,10.10.1.10:46212,0,9,139,107,16.333
1721841120.083822,10.10.1.10:46212,0,9,142,107,16.727
1721841120.149147,10.10.1.10:46212,0,9,144,107,16.92
1721841120.227117,10.10.1.10:46212,0,9,146,107,17.266
1721841120.292738,10.10.1.10:46212,0,9,148,107,17.358
1721841120.359427,10.10.1.10:46212,0,9,150,107,17.751
1721841120.425099,10.10.1.10:46212,0,9,152,107,17.924
1721841120.498786,10.10.1.10:46212,0,10,108,107,13.348
1721841120.565549,10.10.1.10:46212,0,10,110,107,12.8
1721841120.643720,10.10.1.10:46212,0,10,112,107,13.183
1721841120.710678,10.10.1.10:46212,0,10,115,107,13.351
1721841120.776158,10.10.1.10:46212,0,10,118,107,13.846
1721841120.842853,10.10.1.10:46212,0,10,120,107,14.11
1721841120.920899,10.10.1.10:46212,0,10,122,107,14.503
1721841120.987635,10.10.1.10:46212,0,10,125,107,14.714
1721841121.052876,10.10.1.10:46212,0,10,127,107,15.024
1721841121.118601,10.10.1.10:46212,0,10,130,107,15.214
1721841121.183813,10.10.1.10:46212,0,10,132,107,15.507
1721841121.248952,10.10.1.10:46212,0,10,134,107,15.92
1721841121.314579,10.10.1.10:46212,0,10,136,107,16.001
1721841121.380168,10.10.1.10:46212,0,10,138,107,16.379
1721841121.453305,10.10.1.10:46212,0,10,140,107,16.585
1721841121.526833,10.10.1.10:46212,0,10,143,107,16.72
1721841121.592572,10.10.1.10:46212,0,10,145,107,17.017
1721841121.659469,10.10.1.10:46212,0,10,147,107,17.252
1721841121.725163,10.10.1.10:46212,0,10,149,107,17.534
1721841121.798833,10.10.1.10:46212,0,10,151,107,17.87
1721841121.866206,10.10.1.10:46212,1,11,141,107,17.876
1721841121.931813,10.10.1.10:46212,0,11,109,107,12.674
1721841121.998462,10.10.1.10:46212,0,11,111,107,12.834
1721841122.063853,10.10.1.10:46212,0,11,113,107,13.349
1721841122.130895,10.10.1.10:46212,0,11,116,107,13.438
1721841122.204338,10.10.1.10:46212,0,11,118,107,14.132
1721841122.277704,10.10.1.10:46212,0,11,121,107,14.121
1721841122.346948,10.10.1.10:46212,0,11,123,107,14.54
1721841122.412889,10.10.1.10:46212,0,11,126,107,14.837
1721841122.490691,10.10.1.10:46212,0,11,128,107,15.021
1721841122.557407,10.10.1.10:46212,0,11,131,107,15.374
1721841122.635506,10.10.1.10:46212,0,11,133,107,15.679
1721841122.702457,10.10.1.10:46212,0,11,136,107,15.999
1721841122.776168,10.10.1.10:46212,0,11,138,107,16.27
1721841122.843103,10.10.1.10:46212,0,11,140,107,16.583
1721841122.908498,10.10.1.10:46212,0,11,142,107,16.659
1721841122.975684,10.10.1.10:46212,0,11,144,107,17.024
1721841123.041065,10.10.1.10:46212,0,11,146,107,17.32
1721841123.108016,10.10.1.10:46212,0,11,148,107,17.495
1721841123.186823,10.10.1.10:46212,0,11,150,107,17.761
1721841123.254467,10.10.1.10:46212,0,11,153,107,18.028
1721841123.320271,10.10.1.10:46212,0,12,108,107,12.664
1721841123.387088,10.10.1.10:46212,0,12,110,107,12.94
1721841123.452595,10.10.1.10:46212,0,12,113,107,13.096
1721841123.526241,10.10.1.10:46212,0,12,115,107,13.337
1721841123.592759,10.10.1.10:46212,0,12,118,107,13.872
1721841123.658533,10.10.1.10:46212,0,12,120,107,14.121
1721841123.724447,10.10.1.10:46212,0,12,123,107,14.359
1721841123.790934,10.10.1.10:46212,0,12,125,107,14.72
1721841123.856554,10.10.1.10:46212,0,12,127,107,15.058
1721841123.934708,10.10.1.10:46212,0,12,130,107,15.204
1721841124.008272,10.10.1.10:46212,0,12,133,107,15.497
1721841124.074861,10.10.1.10:46212,0,12,135,107,15.786
1721841124.140972,10.10.1.10:46212,0,12,137,107,16.021
1721841124.219067,10.10.1.10:46212,0,12,139,107,16.46
1721841124.293109,10.10.1.10:46212,0,12,142,107,16.62
1721841124.371222,10.10.1.10:46212,0,12,144,107,17.099
1721841124.437830,10.10.1.10:46212,0,12,146,107,17.234
1721841124.503109,10.10.1.10:46212,0,12,148,107,17.427
1721841124.569541,10.10.1.10:46212,0,12,150,107,17.761
1721841124.643108,10.10.1.10:46212,0,12,152,107,18.048
1721841124.709884,10.10.1.10:46212,0,13,108,107,12.744
1721841124.775392,10.10.1.10:46212,0,13,110,107,12.892
1721841124.842181,10.10.1.10:46212,0,13,112,107,13.053
1721841124.907554,10.10.1.10:46212,0,13,114,107,13.357
1721841124.974321,10.10.1.10:46212,0,13,118,107,13.79
1721841125.040496,10.10.1.10:46212,0,13,120,107,14.126
1721841125.107647,10.10.1.10:46212,0,13,122,107,14.43
1721841125.176570,10.10.1.10:46212,0,13,125,107,14.597
1721841125.250176,10.10.1.10:46212,0,13,127,107,14.823
1721841125.316840,10.10.1.10:46212,0,13,130,107,15.205
1721841125.382528,10.10.1.10:46212,0,13,132,107,15.46
1721841125.447848,10.10.1.10:46212,0,13,134,107,15.704
1721841125.513814,10.10.1.10:46212,0,13,136,107,16.071
1721841125.579658,10.10.1.10:46212,0,13,138,107,16.323
1721841125.653211,10.10.1.10:46212,0,13,140,107,16.512
1721841125.719702,10.10.1.10:46212,0,13,143,107,16.724
1721841125.785057,10.10.1.10:46212,0,13,145,107,17.148
1721841125.851757,10.10.1.10:46212,0,13,147,107,17.416
1721841125.917198,10.10.1.10:46212,0,13,148,107,17.57
1721841125.990881,10.10.1.10:46212,0,13,151,107,17.808
1721841126.056361,10.10.1.10:46212,0,13,153,107,17.973
1721841126.130389,10.10.1.10:46212,0,14,109,107,12.695
1721841126.208612,10.10.1.10:46212,0,14,111,107,12.866
1721841126.274458,10.10.1.10:46212,0,14,114,107,13.358
1721841126.339781,10.10.1.10:46212,0,14,116,107,13.614
1721841126.406858,10.10.1.10:46212,0,14,119,107,13.75
1721841126.472204,10.10.1.10:46212,0,14,121,107,14.171
1721841126.546100,10.10.1.10:46212,0,14,123,107,14.625
1721841126.611709,10.10.1.10:46212,0,14,126,107,14.797
1721841126.677518,10.10.1.10:46212,0,14,128,107,14.833
1721841126.744049,10.10.1.10:46212,0,14,130,107,15.394
1721841126.809469,10.10.1.10:46212,0,14,133,107,15.547
1721841126.875562,10.10.1.10:46212,0,14,135,107,15.81
1721841126.941453,10.10.1.10:46212,0,14,137,107,16.055
1721841127.007075,10.10.1.10:46212,0,14,139,107,16.447
1721841127.072749,10.10.1.10:46212,0,14,141,107,16.49
1721841127.140705,10.10.1.10:46212,0,14,143,107,16.948
1721841127.218826,10.10.1.10:46212,0,14,145,107,17.218
1721841127.292698,10.10.1.10:46212,0,14,147,107,17.407
1721841127.370878,10.10.1.10:46212,0,14,150,107,17.805
1721841127.438663,10.10.1.10:46212,0,14,152,107,18.025
1721841127.516965,10.10.1.10:46212,0,15,108,107,12.541
1721841127.583713,10.10.1.10:46212,0,15,110,107,12.92
1721841127.649323,10.10.1.10:46212,0,15,113,107,13.1
1721841127.715680,10.10.1.10:46212,0,15,115,107,13.495
1721841127.780845,10.10.1.10:46212,0,15,117,107,13.741
1721841127.847529,10.10.1.10:46212,0,15,120,107,14.342
1721841127.913296,10.10.1.10:46212,0,15,123,107,14.559
1721841127.991341,10.10.1.10:46212,0,15,125,107,15.024
1721841128.057237,10.10.1.10:46212,0,15,127,107,15.243
1721841128.123036,10.10.1.10:46212,0,15,130,107,15.456
1721841128.188389,10.10.1.10:46212,0,15,132,107,15.727
1721841128.266313,10.10.1.10:46212,0,15,134,107,16.024
1721841128.340038,10.10.1.10:46212,0,15,136,107,16.394
1721841128.405578,10.10.1.10:46212,0,15,139,107,16.558
1721841128.472589,10.10.1.10:46212,0,15,141,107,16.987
1721841128.538202,10.10.1.10:46212,0,15,143,107,17.147
1721841128.611657,10.10.1.10:46212,0,15,145,107,17.484
1721841128.678521,10.10.1.10:46212,0,15,147,107,17.669
1721841128.756676,10.10.1.10:46212,0,15,149,107,17.859
1721841128.824485,10.10.1.10:46212,0,15,152,107,13.913
1721841128.890116,10.10.1.10:46212,0,16,107,107,12.804
1721841128.955832,10.10.1.10:46212,0,16,109,107,13.095
1721841129.021247,10.10.1.10:46212,0,16,111,107,13.398
1721841129.086852,10.10.1.10:46212,0,16,114,107,13.611
1721841129.152360,10.10.1.10:46212,0,16,116,107,14.025
1721841129.230959,10.10.1.10:46212,0,16,119,107,14.3
1721841129.296557,10.10.1.10:46212,0,16,122,107,14.553
1721841129.374660,10.10.1.10:46212,0,16,124,107,14.825
1721841129.440136,10.10.1.10:46212,0,16,127,107,15.331
1721841129.506956,10.10.1.10:46212,0,16,129,107,15.501
1721841129.572578,10.10.1.10:46212,0,16,131,107,15.733
1721841129.639332,10.10.1.10:46212,0,16,134,107,15.971
1721841129.713026,10.10.1.10:46212,0,16,136,107,16.269
1721841129.781497,10.10.1.10:46212,0,16,138,107,16.635
1721841129.847135,10.10.1.10:46212,0,16,140,107,16.787
1721841129.920888,10.10.1.10:46212,0,16,143,107,17.126
1721841129.987457,10.10.1.10:46212,0,16,145,107,17.349
1721841130.052875,10.10.1.10:46212,0,16,147,107,17.545
1721841130.119749,10.10.1.10:46212,0,16,148,107,17.815
1721841130.185227,10.10.1.10:46212,0,16,151,107,17.965
1721841130.252975,10.10.1.10:46212,0,16,153,107,12.565
1721841130.318171,10.10.1.10:46212,0,17,108,107,12.792
1721841130.391728,10.10.1.10:46212,0,17,110,107,13.1
1721841130.457081,10.10.1.10:46212,0,17,113,107,13.483
1721841130.530673,10.10.1.10:46212,0,17,116,107,13.801
1721841130.597551,10.10.1.10:46212,0,17,118,107,14.184
1721841130.663180,10.10.1.10:46212,0,17,120,107,14.469
1721841130.728195,10.10.1.10:46212,0,17,123,107,14.761
1721841130.794920,10.10.1.10:46212,0,17,126,107,15.139
1721841130.860331,10.10.1.10:46212,0,17,127,107,15.291
1721841130.927104,10.10.1.10:46212,0,17,130,107,15.584
1721841130.992621,10.10.1.10:46212,0,17,132,107,15.769
1721841131.066156,10.10.1.10:46212,0,17,134,107,16.12
1721841131.131471,10.10.1.10:46212,0,17,136,107,16.273
1721841131.200829,10.10.1.10:46212,0,17,139,107,16.59
1721841131.266313,10.10.1.10:46212,0,17,141,107,16.867
1721841131.340619,10.10.1.10:46212,0,17,143,107,17.159
1721841131.407289,10.10.1.10:46212,0,17,145,107,17.427
1721841131.473120,10.10.1.10:46212,0,17,147,107,17.555
1721841131.539684,10.10.1.10:46212,0,17,149,107,17.868
1721841131.605481,10.10.1.10:46212,0,17,152,107,12.514
1721841131.671142,10.10.1.10:46212,0,21,107,106,12.407
1721841131.738258,10.10.1.10:46212,0,21,108,106,12.891
1721841131.803518,10.10.1.10:46212,0,21,110,106,13.155
1721841131.877116,10.10.1.10:46212,0,21,114,106,13.349
1721841131.942595,10.10.1.10:46212,0,21,116,106,13.829
1721841132.008356,10.10.1.10:46212,0,21,118,106,14.272
1721841132.082104,10.10.1.10:46212,0,21,121,106,14.572
1721841132.155558,10.10.1.10:46212,0,21,124,106,14.671
1721841132.233189,10.10.1.10:46212,0,21,127,106,15.057
1721841132.299954,10.10.1.10:46212,0,21,129,106,15.41
1721841132.367377,10.10.1.10:46212,0,21,132,106,15.737
1721841132.432884,10.10.1.10:46212,0,21,133,106,16.029
1721841132.502345,10.10.1.10:46212,0,21,136,106,16.263
1721841132.567641,10.10.1.10:46212,0,21,138,106,16.516
1721841132.633343,10.10.1.10:46212,0,21,140,106,16.783
1721841132.699231,10.10.1.10:46212,0,21,142,106,16.966
1721841132.764919,10.10.1.10:46212,0,21,144,106,17.31
1721841132.831309,10.10.1.10:46212,0,21,146,106,17.572
1721841132.897024,10.10.1.10:46212,0,21,148,106,17.695
1721841132.962343,10.10.1.10:46212,0,21,150,106,17.927
1721841133.036438,10.10.1.10:46212,0,21,152,106,12.977
1721841133.103180,10.10.1.10:46212,0,22,108,107,12.874
1721841133.168456,10.10.1.10:46212,0,22,110,107,13.074
1721841133.234969,10.10.1.10:46212,0,22,111,107,13.422
1721841133.300102,10.10.1.10:46212,0,22,114,107,13.648
1721841133.367979,10.10.1.10:46212,0,22,117,107,13.983
1721841133.434580,10.10.1.10:46212,0,22,119,107,14.264
1721841133.500513,10.10.1.10:46212,0,22,122,107,14.51
1721841133.565731,10.10.1.10:46212,0,22,124,107,14.916
1721841133.632446,10.10.1.10:46212,0,22,126,107,15.042
1721841133.697588,10.10.1.10:46212,0,22,129,107,15.315
1721841133.764226,10.10.1.10:46212,0,22,131,107,15.711
1721841133.842018,10.10.1.10:46212,0,22,133,107,16.011
1721841133.908881,10.10.1.10:46212,0,22,135,107,16.167
1721841133.982074,10.10.1.10:46212,0,22,138,107,16.496
1721841134.056005,10.10.1.10:46212,0,22,140,107,16.745
1721841134.122696,10.10.1.10:46212,0,22,143,107,17.02
1721841134.201137,10.10.1.10:46212,0,22,145,107,17.325
1721841134.266836,10.10.1.10:46212,0,22,147,107,17.54
1721841134.335921,10.10.1.10:46212,0,22,149,107,17.82
1721841134.401272,10.10.1.10:46212,0,22,151,107,18.021
1721841134.482336,10.10.1.10:46212,0,22,153,107,12.865
1721841134.548348,10.10.1.10:46212,0,23,109,107,12.834
1721841134.614907,10.10.1.10:46212,0,23,111,107,13.282
1721841134.680425,10.10.1.10:46212,0,23,113,107,13.547
1721841134.747192,10.10.1.10:46212,0,23,116,107,13.873
1721841134.820549,10.10.1.10:46212,0,23,119,107,14.191
1721841134.887440,10.10.1.10:46212,0,23,121,107,14.498
1721841134.952965,10.10.1.10:46212,0,23,123,107,14.802
1721841135.026719,10.10.1.10:46212,0,23,126,107,15.093
1721841135.092101,10.10.1.10:46212,0,23,129,107,15.399
1721841135.165734,10.10.1.10:46212,0,23,131,107,15.589
1721841135.231048,10.10.1.10:46212,0,23,133,107,15.996
1721841135.296342,10.10.1.10:46212,0,23,135,107,16.208
1721841135.369955,10.10.1.10:46212,0,23,138,107,16.392
1721841135.435212,10.10.1.10:46212,0,23,140,107,16.696
1721841135.501905,10.10.1.10:46212,0,23,141,107,16.984
1721841135.567589,10.10.1.10:46212,0,23,144,107,17.168
1721841135.641471,10.10.1.10:46212,0,23,146,107,17.37
1721841135.708458,10.10.1.10:46212,0,23,148,107,17.873
1721841135.774306,10.10.1.10:46212,0,23,150,107,17.979
1721841135.839609,10.10.1.10:46212,0,23,152,107,12.662
1721841135.906367,10.10.1.10:46212,0,24,108,107,12.86
1721841135.979806,10.10.1.10:46212,0,24,110,107,12.989
1721841136.046580,10.10.1.10:46212,0,24,112,107,13.405
1721841136.111972,10.10.1.10:46212,0,24,114,107,13.844
1721841136.185983,10.10.1.10:46212,0,24,118,107,14.093
1721841136.251191,10.10.1.10:46212,0,24,120,107,14.302
1721841136.325185,10.10.1.10:46212,0,24,122,107,14.753
1721841136.390479,10.10.1.10:46212,0,24,125,107,15.009
1721841136.464147,10.10.1.10:46212,0,24,127,107,15.248
1721841136.529530,10.10.1.10:46212,0,24,130,107,15.463
1721841136.595459,10.10.1.10:46212,0,24,132,107,15.783
1721841136.661170,10.10.1.10:46212,0,24,134,107,15.989
1721841136.728216,10.10.1.10:46212,0,24,137,107,16.385
1721841136.793665,10.10.1.10:46212,0,24,139,107,16.594
1721841136.867453,10.10.1.10:46212,0,24,140,107,16.835
1721841136.934021,10.10.1.10:46212,0,24,143,107,17.071
1721841136.999968,10.10.1.10:46212,0,24,145,107,17.29
1721841137.065486,10.10.1.10:46212,0,24,147,107,17.505
1721841137.139056,10.10.1.10:46212,0,24,149,107,17.958
1721841137.204419,10.10.1.10:46212,0,24,151,107,17.825
1721841137.278228,10.10.1.10:46212,1,25,143,107,12.859
1721841137.343725,10.10.1.10:46212,0,25,109,107,12.851
1721841137.417336,10.10.1.10:46212,0,25,111,107,13.274
1721841137.495229,10.10.1.10:46212,0,25,114,107,13.6
1721841137.561222,10.10.1.10:46212,0,25,117,107,13.929
1721841137.626728,10.10.1.10:46212,0,25,119,107,14.318
1721841137.692813,10.10.1.10:46212,0,25,122,107,14.534
1721841137.758167,10.10.1.10:46212,0,25,124,107,14.773
1721841137.823547,10.10.1.10:46212,0,25,126,107,14.998
1721841137.888918,10.10.1.10:46212,0,25,129,107,15.376
1721841137.962959,10.10.1.10:46212,0,25,131,107,15.711
1721841138.029762,10.10.1.10:46212,0,25,133,107,15.908
1721841138.095213,10.10.1.10:46212,0,25,135,107,16.193
1721841138.161984,10.10.1.10:46212,0,25,138,107,16.427
1721841138.240479,10.10.1.10:46212,0,25,139,107,16.865
1721841138.307373,10.10.1.10:46212,0,25,142,107,17.029
1721841138.386389,10.10.1.10:46212,0,25,144,107,17.281
1721841138.453020,10.10.1.10:46212,0,25,146,107,17.592
1721841138.519656,10.10.1.10:46212,0,25,148,107,17.763
1721841138.585247,10.10.1.10:46212,0,25,151,107,18.021
1721841138.650497,10.10.1.10:46212,0,25,153,107,12.637
1721841138.717151,10.10.1.10:46212,0,26,108,107,12.808
1721841138.782999,10.10.1.10:46212,0,26,110,107,13.012
1721841138.849628,10.10.1.10:46212,0,26,112,107,13.361
1721841138.914887,10.10.1.10:46212,0,26,114,107,13.759
1721841138.981573,10.10.1.10:46212,0,26,118,107,13.951
1721841139.047469,10.10.1.10:46212,0,26,120,107,14.344
1721841139.121726,10.10.1.10:46212,0,26,122,107,14.698
1721841139.187181,10.10.1.10:46212,0,26,125,107,14.942
1721841139.252900,10.10.1.10:46212,0,26,127,107,15.09
1721841139.318338,10.10.1.10:46212,0,26,130,107,15.475
1721841139.383848,10.10.1.10:46212,0,26,131,107,15.838
1721841139.449187,10.10.1.10:46212,0,26,134,107,15.926
1721841139.526432,10.10.1.10:46212,0,26,136,107,16.3
1721841139.591883,10.10.1.10:46212,0,26,138,107,16.579
1721841139.657911,10.10.1.10:46212,0,26,140,107,16.78
1721841139.723247,10.10.1.10:46212,0,26,143,107,17.053
1721841139.788994,10.10.1.10:46212,0,26,145,107,17.311
1721841139.854223,10.10.1.10:46212,0,26,146,107,17.541
1721841139.932649,10.10.1.10:46212,0,26,148,107,17.827
1721841139.999587,10.10.1.10:46212,0,26,151,107,18.06
1721841140.064813,10.10.1.10:46212,0,26,153,107,12.66
1721841140.131740,10.10.1.10:46212,0,27,108,107,12.962
1721841140.197380,10.10.1.10:46212,0,27,110,107,13.073
1721841140.271352,10.10.1.10:46212,0,27,113,107,13.426
1721841140.336779,10.10.1.10:46212,0,27,116,107,13.908
1721841140.410539,10.10.1.10:46212,0,27,118,107,14.078
1721841140.477132,10.10.1.10:46212,0,27,121,107,14.576
1721841140.542407,10.10.1.10:46212,0,27,123,107,14.791
1721841140.609424,10.10.1.10:46212,0,27,126,107,15.063
1721841140.675259,10.10.1.10:46212,0,27,127,107,15.427
1721841140.753571,10.10.1.10:46212,0,27,130,107,15.522
1721841140.820279,10.10.1.10:46212,0,27,133,107,15.815
1721841140.893623,10.10.1.10:46212,0,27,135,107,16.274
1721841140.960455,10.10.1.10:46212,0,27,137,107,16.572
1721841141.033789,10.10.1.10:46212,0,27,139,107,16.745
1721841141.100794,10.10.1.10:46212,0,27,142,107,16.959
1721841141.174147,10.10.1.10:46212,0,27,144,107,17.208
1721841141.239951,10.10.1.10:46212,0,27,146,107,17.373
1721841141.305716,10.10.1.10:46212,0,27,148,107,17.782
1721841141.384019,10.10.1.10:46212,0,27,150,107,18.091
1721841141.451815,10.10.1.10:46212,0,27,152,107,12.666
1721841141.517395,10.10.1.10:46212,0,28,108,107,12.918
1721841141.590951,10.10.1.10:46212,0,28,110,107,13.069
1721841141.656378,10.10.1.10:46212,0,28,113,107,13.421
1721841141.729824,10.10.1.10:46212,0,28,115,107,13.933
1721841141.796607,10.10.1.10:46212,0,28,118,107,14.048
1721841141.862057,10.10.1.10:46212,0,28,120,107,14.36
1721841141.928683,10.10.1.10:46212,0,28,123,107,14.711
1721841141.994169,10.10.1.10:46212,0,28,125,107,15.023
1721841142.067704,10.10.1.10:46212,0,28,127,107,15.281
1721841142.135518,10.10.1.10:46212,0,28,130,107,15.568
1721841142.200814,10.10.1.10:46212,0,28,132,107,15.794
1721841142.279178,10.10.1.10:46212,0,28,134,107,16.025
1721841142.344714,10.10.1.10:46212,0,28,137,107,16.269
1721841142.411801,10.10.1.10:46212,0,28,139,107,17.003
1721841142.485170,10.10.1.10:46212,0,28,141,107,16.977
1721841142.551903,10.10.1.10:46212,0,28,143,107,17.057
1721841142.625019,10.10.1.10:46212,0,28,145,107,17.496
1721841142.690294,10.10.1.10:46212,0,28,147,107,17.67
1721841142.763489,10.10.1.10:46212,0,28,149,107,17.87
1721841142.828858,10.10.1.10:46212,0,28,152,107,16.625
1721841142.902133,10.10.1.10:46212,0,29,107,107,12.786
1721841142.967647,10.10.1.10:46212,0,29,109,107,13.114
1721841143.033946,10.10.1.10:46212,0,29,111,107,13.158
1721841143.099388,10.10.1.10:46212,0,29,114,107,13.649
1721841143.166074,10.10.1.10:46212,0,29,117,107,14.093
1721841143.231899,10.10.1.10:46212,0,29,119,107,14.251
1721841143.298556,10.10.1.10:46212,0,29,122,107,14.497
1721841143.371771,10.10.1.10:46212,0,29,124,107,14.829
1721841143.446688,10.10.1.10:46212,0,29,126,107,15.257
1721841143.512620,10.10.1.10:46212,0,29,129,107,15.517
1721841143.585902,10.10.1.10:46212,0,29,131,107,15.782
1721841143.651421,10.10.1.10:46212,0,29,134,107,16.037
1721841143.718093,10.10.1.10:46212,0,29,136,107,16.22
1721841143.783521,10.10.1.10:46212,0,29,138,107,16.376
1721841143.848940,10.10.1.10:46212,0,29,140,107,16.806
1721841143.914833,10.10.1.10:46212,0,29,142,107,17.04
1721841143.987970,10.10.1.10:46212,0,29,144,107,17.339
1721841144.061081,10.10.1.10:46212,0,29,146,107,17.551
1721841144.127751,10.10.1.10:46212,0,29,148,107,17.786
1721841144.193149,10.10.1.10:46212,0,29,151,107,17.971
1721841144.260925,10.10.1.10:46212,0,29,153,107,12.67
1721841144.334023,10.10.1.10:46212,0,30,108,107,12.955
1721841144.400859,10.10.1.10:46212,0,30,110,107,13.198
1721841144.466516,10.10.1.10:46212,0,30,113,107,13.504
1721841144.539727,10.10.1.10:46212,0,30,115,107,13.811
1721841144.605338,10.10.1.10:46212,0,30,118,107,14.147
1721841144.671939,10.10.1.10:46212,0,30,120,107,14.309
1721841144.745178,10.10.1.10:46212,0,30,123,107,14.649
1721841144.811858,10.10.1.10:46212,0,30,126,107,15.069
1721841144.885074,10.10.1.10:46212,0,30,128,107,15.261
1721841144.958478,10.10.1.10:46212,0,30,130,107,15.584
1721841145.031639,10.10.1.10:46212,0,30,133,107,16.013
1721841145.097063,10.10.1.10:46212,0,30,135,107,16.263
1721841145.163957,10.10.1.10:46212,0,30,138,107,16.526
1721841145.229385,10.10.1.10:46212,0,30,139,107,16.729
1721841145.302378,10.10.1.10:46212,0,30,142,107,17.054
1721841145.368238,10.10.1.10:46212,0,30,144,107,17.175
1721841145.434687,10.10.1.10:46212,0,30,146,107,17.401
1721841145.499921,10.10.1.10:46212,0,30,148,107,17.652
1721841145.565217,10.10.1.10:46212,0,30,150,107,17.87
1721841145.638547,10.10.1.10:46212,0,30,152,107,12.994
1721841145.704250,10.10.1.10:46212,0,31,108,107,12.825
1721841145.777515,10.10.1.10:46212,0,31,110,107,13.078
1721841145.843055,10.10.1.10:46212,0,31,112,107,13.321
1721841145.916063,10.10.1.10:46212,0,31,114,107,13.683
1721841145.989449,10.10.1.10:46212,0,31,118,107,14.046
1721841146.055833,10.10.1.10:46212,0,31,120,107,14.332
1721841146.121836,10.10.1.10:46212,0,31,122,107,14.657
1721841146.199964,10.10.1.10:46212,0,31,125,107,14.811
1721841146.267077,10.10.1.10:46212,0,31,127,107,15.314
1721841146.332451,10.10.1.10:46212,0,31,130,107,15.514
1721841146.399267,10.10.1.10:46212,0,31,132,107,15.781
1721841146.472486,10.10.1.10:46212,0,31,134,107,16.001
1721841146.545966,10.10.1.10:46212,0,31,137,107,16.302
1721841146.619233,10.10.1.10:46212,0,31,139,107,16.493
1721841146.684741,10.10.1.10:46212,0,31,141,107,16.957
1721841146.757841,10.10.1.10:46212,0,31,143,107,17.183
1721841146.823270,10.10.1.10:46212,0,31,145,107,17.386
1721841146.896775,10.10.1.10:46212,0,31,147,107,17.692
1721841146.962040,10.10.1.10:46212,0,31,150,107,17.856
1721841147.035298,10.10.1.10:46212,0,31,152,107,13.445
1721841147.101033,10.10.1.10:46212,0,32,107,107,12.83
1721841147.166594,10.10.1.10:46212,0,32,109,107,13.036
1721841147.233177,10.10.1.10:46212,0,32,111,107,13.386
1721841147.311503,10.10.1.10:46212,0,32,114,107,13.596
1721841147.385232,10.10.1.10:46212,0,32,117,107,14.059
1721841147.450863,10.10.1.10:46212,0,32,120,107,14.316
1721841147.524035,10.10.1.10:46212,0,32,122,107,14.585
1721841147.597449,10.10.1.10:46212,0,32,125,107,15.077
1721841147.664012,10.10.1.10:46212,0,32,127,107,15.072
1721841147.729948,10.10.1.10:46212,0,32,130,107,15.489
1721841147.796632,10.10.1.10:46212,0,32,132,107,15.932
1721841147.863614,10.10.1.10:46212,0,32,134,107,15.989
1721841147.929015,10.10.1.10:46212,0,32,137,107,16.28
1721841148.002603,10.10.1.10:46212,0,32,138,107,16.575
1721841148.067665,10.10.1.10:46212,0,32,140,107,16.735
1721841148.140898,10.10.1.10:46212,0,32,143,107,17.097
1721841148.206293,10.10.1.10:46212,0,32,145,107,17.28
1721841148.279412,10.10.1.10:46212,0,32,147,107,17.542
1721841148.344684,10.10.1.10:46212,0,32,149,107,17.871
1721841148.412255,10.10.1.10:46212,0,32,151,107,17.857
1721841148.485597,10.10.1.10:46212,1,33,133,107,12.821
1721841148.552341,10.10.1.10:46212,0,33,109,107,12.936
1721841148.625487,10.10.1.10:46212,0,33,111,107,13.354
1721841148.692226,10.10.1.10:46212,0,33,114,107,13.579
1721841148.765392,10.10.1.10:46212,0,33,116,107,13.971
1721841148.831034,10.10.1.10:46212,0,33,119,107,14.127
1721841148.897716,10.10.1.10:46212,0,33,122,107,14.496
1721841148.963297,10.10.1.10:46212,0,33,124,107,14.92
1721841149.036775,10.10.1.10:46212,0,33,126,107,15.008
1721841149.103697,10.10.1.10:46212,0,33,129,107,15.328
1721841149.169128,10.10.1.10:46212,0,33,131,107,15.638
1721841149.242215,10.10.1.10:46212,0,33,133,107,15.861
1721841149.307704,10.10.1.10:46212,0,33,135,107,16.205
1721841149.381011,10.10.1.10:46212,0,33,138,107,16.435
1721841149.446695,10.10.1.10:46212,0,33,140,107,16.801
1721841149.513043,10.10.1.10:46212,0,33,142,107,17.116
1721841149.586226,10.10.1.10:46212,0,33,144,107,17.326
1721841149.659975,10.10.1.10:46212,0,33,146,107,17.461
1721841149.726811,10.10.1.10:46212,0,33,148,107,17.798
1721841149.800202,10.10.1.10:46212,0,33,151,107,18.109
1721841149.873968,10.10.1.10:46212,0,33,153,107,12.653
1721841149.947085,10.10.1.10:46212,0,34,109,107,12.895
1721841150.020400,10.10.1.10:46212,0,34,111,107,13.267
1721841150.093610,10.10.1.10:46212,0,34,114,107,13.617
1721841150.167384,10.10.1.10:46212,0,34,116,107,14.141
1721841150.241090,10.10.1.10:46212,0,34,119,107,14.238
1721841150.314644,10.10.1.10:46212,0,34,122,107,14.661
1721841150.387873,10.10.1.10:46212,0,34,125,107,14.865
1721841150.461142,10.10.1.10:46212,0,34,127,107,15.349
1721841150.526404,10.10.1.10:46212,0,34,130,107,15.463
1721841150.599833,10.10.1.10:46212,0,34,131,107,15.899
1721841150.664983,10.10.1.10:46212,0,34,134,107,16.031
1721841150.730392,10.10.1.10:46212,0,34,137,107,16.367
1721841150.803561,10.10.1.10:46212,0,34,138,107,16.564
1721841150.870176,10.10.1.10:46212,0,34,141,107,16.861
1721841150.936568,10.10.1.10:46212,0,34,143,107,17.133
1721841151.002046,10.10.1.10:46212,0,34,145,107,17.272
1721841151.067346,10.10.1.10:46212,0,34,147,107,17.524
1721841151.140602,10.10.1.10:46212,0,34,148,107,17.869
1721841151.206378,10.10.1.10:46212,0,34,151,107,17.861
1721841151.273684,10.10.1.10:46212,1,35,149,107,12.661
1721841151.346921,10.10.1.10:46212,0,35,109,107,12.897
1721841151.412841,10.10.1.10:46212,0,35,111,107,13.355
1721841151.478065,10.10.1.10:46212,0,35,113,107,13.616
1721841151.544764,10.10.1.10:46212,0,35,116,107,13.823
1721841151.618133,10.10.1.10:46212,0,35,119,107,14.249
1721841151.685506,10.10.1.10:46212,0,35,121,107,14.515
1721841151.758803,10.10.1.10:46212,0,35,123,107,14.882
1721841151.825689,10.10.1.10:46212,0,35,126,107,15.046
1721841151.899039,10.10.1.10:46212,0,35,128,107,15.429
1721841151.972586,10.10.1.10:46212,0,35,131,107,15.663
1721841152.046090,10.10.1.10:46212,0,35,133,107,15.869
1721841152.113221,10.10.1.10:46212,0,35,135,107,16.37
1721841152.187002,10.10.1.10:46212,0,35,138,107,16.468
1721841152.260584,10.10.1.10:46212,0,35,140,107,16.867
1721841152.333482,10.10.1.10:46212,0,35,143,107,17.036
1721841152.399079,10.10.1.10:46212,0,35,145,107,17.303
1721841152.472293,10.10.1.10:46212,0,35,147,107,17.504
1721841152.545689,10.10.1.10:46212,0,35,149,107,17.986
1721841152.618830,10.10.1.10:46212,0,35,151,107,17.907
1721841152.684354,10.10.1.10:46212,1,36,122,107,12.746
1721841152.757681,10.10.1.10:46212,0,36,109,107,13.08
1721841152.823081,10.10.1.10:46212,0,36,111,107,13.303
1721841152.890722,10.10.1.10:46212,0,36,114,107,13.636
1721841152.956405,10.10.1.10:46212,0,36,116,107,13.912
1721841153.030078,10.10.1.10:46212,0,36,119,107,14.249
1721841153.103380,10.10.1.10:46212,0,36,122,107,14.483
1721841153.168984,10.10.1.10:46212,0,36,124,107,14.803
1721841153.242261,10.10.1.10:46212,0,36,126,107,15.003
1721841153.307783,10.10.1.10:46212,0,36,129,107,15.457
1721841153.374354,10.10.1.10:46212,0,36,131,107,15.602
1721841153.439885,10.10.1.10:46212,0,36,133,107,16.004
1721841153.506856,10.10.1.10:46212,0,36,135,107,16.239
1721841153.572265,10.10.1.10:46212,0,36,138,107,16.496
1721841153.645639,10.10.1.10:46212,0,36,140,107,16.735
1721841153.710990,10.10.1.10:46212,0,36,142,107,17.042
1721841153.784578,10.10.1.10:46212,0,36,144,107,17.239
1721841153.850333,10.10.1.10:46212,0,36,146,107,17.467
1721841153.917035,10.10.1.10:46212,0,36,148,107,17.776
1721841153.982911,10.10.1.10:46212,0,36,151,107,18.056
1721841154.048602,10.10.1.10:46212,0,36,152,107,12.821
1721841154.114440,10.10.1.10:46212,0,37,108,107,12.782
1721841154.187536,10.10.1.10:46212,0,37,110,107,13.082
1721841154.254099,10.10.1.10:46212,0,37,112,107,13.357
1721841154.319498,10.10.1.10:46212,0,37,114,107,13.901
1721841154.388097,10.10.1.10:46212,0,37,117,107,14.093
1721841154.454692,10.10.1.10:46212,0,37,120,107,14.395
1721841154.527916,10.10.1.10:46212,0,37,122,107,14.786
1721841154.601031,10.10.1.10:46212,0,37,125,107,15.005
1721841154.666343,10.10.1.10:46212,0,37,127,107,15.31
1721841154.739555,10.10.1.10:46212,0,37,130,107,15.589
1721841154.805049,10.10.1.10:46212,0,37,132,107,15.847
1721841154.871858,10.10.1.10:46212,0,37,134,107,16.168
1721841154.945120,10.10.1.10:46212,0,37,137,107,16.297
1721841155.010479,10.10.1.10:46212,0,37,139,107,16.576
1721841155.083899,10.10.1.10:46212,0,37,141,107,17.009
1721841155.149259,10.10.1.10:46212,0,37,143,107,17.283
1721841155.215978,10.10.1.10:46212,0,37,145,107,17.449
1721841155.281375,10.10.1.10:46212,0,37,147,107,17.604
1721841155.347858,10.10.1.10:46212,0,37,149,107,17.868
1721841155.414625,10.10.1.10:46212,0,37,151,107,17.863
1721841155.480066,10.10.1.10:46212,1,38,124,107,12.682
1721841155.553477,10.10.1.10:46212,0,38,109,107,12.982
1721841155.626765,10.10.1.10:46212,0,38,111,107,13.253
1721841155.692042,10.10.1.10:46212,0,38,114,107,13.604
1721841155.765358,10.10.1.10:46212,0,38,116,107,14.109
1721841155.830829,10.10.1.10:46212,0,38,119,107,14.06
1721841155.904096,10.10.1.10:46212,0,38,122,107,14.47
1721841155.977502,10.10.1.10:46212,0,38,124,107,14.845
1721841156.044095,10.10.1.10:46212,0,38,127,107,15.213
1721841156.117640,10.10.1.10:46212,0,38,129,107,15.479
1721841156.183212,10.10.1.10:46212,0,38,131,107,15.742
1721841156.256497,10.10.1.10:46212,0,38,134,107,15.969
1721841156.322059,10.10.1.10:46212,0,38,136,107,16.21
1721841156.395211,10.10.1.10:46212,0,38,138,107,16.551
1721841156.460481,10.10.1.10:46212,0,38,140,107,16.789
1721841156.533432,10.10.1.10:46212,0,38,143,107,17.072
1721841156.599027,10.10.1.10:46212,0,38,145,107,17.255
1721841156.672190,10.10.1.10:46212,0,38,147,107,17.523
1721841156.745637,10.10.1.10:46212,0,38,149,107,17.989
1721841156.810917,10.10.1.10:46212,0,38,151,107,17.955
1721841156.878423,10.10.1.10:46212,1,39,137,107,12.63
1721841156.943990,10.10.1.10:46212,0,39,109,107,12.935
1721841157.010601,10.10.1.10:46212,0,39,111,107,13.18
1721841157.076145,10.10.1.10:46212,0,39,113,107,13.486
1721841157.149236,10.10.1.10:46212,0,39,116,107,13.902
1721841157.214553,10.10.1.10:46212,0,39,119,107,14.086
1721841157.280898,10.10.1.10:46212,0,39,120,107,14.598
1721841157.346176,10.10.1.10:46212,0,39,123,107,14.612
1721841157.413302,10.10.1.10:46212,0,39,126,107,15.062
1721841157.478556,10.10.1.10:46212,0,39,128,107,15.276
1721841157.545132,10.10.1.10:46212,0,39,130,107,15.589
1721841157.618534,10.10.1.10:46212,0,39,133,107,15.94
1721841157.685237,10.10.1.10:46212,0,39,135,107,16.181
1721841157.758370,10.10.1.10:46212,0,39,137,107,16.492
1721841157.831650,10.10.1.10:46212,0,39,139,107,16.672
1721841157.904638,10.10.1.10:46212,0,39,142,107,17.004
1721841157.970336,10.10.1.10:46212,0,39,144,107,17.153
1721841158.043422,10.10.1.10:46212,0,39,146,107,17.415
1721841158.108752,10.10.1.10:46212,0,39,148,107,17.672
1721841158.175318,10.10.1.10:46212,0,39,150,107,18.04
1721841158.240539,10.10.1.10:46212,0,39,152,107,12.884
1721841158.313675,10.10.1.10:46212,0,40,108,107,12.826
1721841158.379294,10.10.1.10:46212,0,40,110,107,13.132
1721841158.446087,10.10.1.10:46212,0,40,112,107,13.36
1721841158.519788,10.10.1.10:46212,0,40,114,107,13.721
1721841158.586292,10.10.1.10:46212,0,40,117,107,14.064
1721841158.652058,10.10.1.10:46212,0,40,120,107,14.347
1721841158.718585,10.10.1.10:46212,0,40,122,107,14.655
1721841158.791945,10.10.1.10:46212,0,40,125,107,14.88
1721841158.858394,10.10.1.10:46212,0,40,127,107,15.06
1721841158.923668,10.10.1.10:46212,0,40,130,107,15.594
1721841158.997081,10.10.1.10:46212,0,40,131,107,15.84
1721841159.062865,10.10.1.10:46212,0,40,134,107,16.096
1721841159.128192,10.10.1.10:46212,0,40,136,107,16.355
1721841159.201657,10.10.1.10:46212,0,40,139,107,16.556
1721841159.275065,10.10.1.10:46212,0,40,141,107,16.768
1721841159.341660,10.10.1.10:46212,0,40,143,107,17.154
1721841159.408143,10.10.1.10:46212,0,40,145,107,17.276
1721841159.481692,10.10.1.10:46212,0,40,147,107,17.686
1721841159.547032,10.10.1.10:46212,0,40,149,107,17.746
1721841159.620273,10.10.1.10:46212,0,40,151,107,17.919
1721841159.685948,10.10.1.10:46212,1,41,121,107,12.801
1721841159.752386,10.10.1.10:46212,0,41,109,107,12.835
1721841159.817831,10.10.1.10:46212,0,41,111,107,13.266
1721841159.884415,10.10.1.10:46212,0,41,113,107,13.43
1721841159.949948,10.10.1.10:46212,0,41,116,107,13.88
1721841160.016369,10.10.1.10:46212,0,41,119,107,14.176
1721841160.081713,10.10.1.10:46212,0,41,120,107,14.393
1721841160.148532,10.10.1.10:46212,0,41,123,107,14.706
1721841160.213957,10.10.1.10:46212,0,41,126,107,15.032
1721841160.279680,10.10.1.10:46212,0,41,127,107,15.317
1721841160.352783,10.10.1.10:46212,0,41,130,107,15.559
1721841160.418380,10.10.1.10:46212,0,41,133,107,15.841
1721841160.491705,10.10.1.10:46212,0,41,135,107,16.191
1721841160.557352,10.10.1.10:46212,0,41,137,107,16.464
1721841160.630751,10.10.1.10:46212,0,41,139,107,16.685
1721841160.697507,10.10.1.10:46212,0,41,142,107,16.897
1721841160.763227,10.10.1.10:46212,0,41,144,107,17.155
1721841160.830080,10.10.1.10:46212,0,41,145,107,17.426
1721841160.895547,10.10.1.10:46212,0,41,147,107,17.649
1721841160.969046,10.10.1.10:46212,0,41,150,107,17.919
1721841161.034818,10.10.1.10:46212,0,41,152,107,16.053
1721841161.101511,10.10.1.10:46212,0,42,107,107,12.855
1721841161.166635,10.10.1.10:46212,0,42,109,107,13.082
1721841161.240048,10.10.1.10:46212,0,42,111,107,13.322
1721841161.306617,10.10.1.10:46212,0,42,114,107,13.728
1721841161.372198,10.10.1.10:46212,0,42,117,107,14.034
1721841161.438766,10.10.1.10:46212,0,42,119,107,14.221
1721841161.504446,10.10.1.10:46212,0,42,122,107,14.502
1721841161.577810,10.10.1.10:46212,0,42,124,107,14.821
1721841161.643061,10.10.1.10:46212,0,42,126,107,15.18
1721841161.709740,10.10.1.10:46212,0,42,129,107,15.32
1721841161.775273,10.10.1.10:46212,0,42,131,107,15.716
1721841161.848462,10.10.1.10:46212,0,42,133,107,15.927
1721841161.914943,10.10.1.10:46212,0,42,135,107,16.215
1721841161.980214,10.10.1.10:46212,0,42,138,107,16.516
1721841162.053455,10.10.1.10:46212,0,42,140,107,16.837
1721841162.118957,10.10.1.10:46212,0,42,142,107,17.101
1721841162.184499,10.10.1.10:46212,0,42,144,107,17.236
1721841162.257706,10.10.1.10:46212,0,42,146,107,17.505
1721841162.323194,10.10.1.10:46212,0,42,148,107,17.753
1721841162.389924,10.10.1.10:46212,0,42,151,107,18.143
1721841162.455318,10.10.1.10:46212,0,42,152,107,12.602
1721841162.522293,10.10.1.10:46212,0,43,108,107,12.882
1721841162.588041,10.10.1.10:46212,0,43,110,107,12.974
1721841162.661277,10.10.1.10:46212,0,43,112,107,13.426
1721841162.727289,10.10.1.10:46212,0,43,115,107,13.788
1721841162.792586,10.10.1.10:46212,0,43,118,107,14.006
1721841162.859342,10.10.1.10:46212,0,43,120,107,14.344
1721841162.924638,10.10.1.10:46212,0,43,122,107,14.577
1721841162.991185,10.10.1.10:46212,0,43,125,107,14.806
1721841163.064658,10.10.1.10:46212,0,43,127,107,15.152
1721841163.138263,10.10.1.10:46212,0,43,130,107,15.448
1721841163.211361,10.10.1.10:46212,0,43,132,107,15.792
1721841163.276558,10.10.1.10:46212,0,43,134,107,16.017
1721841163.342489,10.10.1.10:46212,0,43,137,107,16.294
1721841163.407654,10.10.1.10:46212,0,43,139,107,16.539
1721841163.481072,10.10.1.10:46212,0,43,141,107,16.898
1721841163.554507,10.10.1.10:46212,0,43,143,107,17.14
1721841163.628167,10.10.1.10:46212,0,43,145,107,17.393
1721841163.694718,10.10.1.10:46212,0,43,147,107,17.659
1721841163.768036,10.10.1.10:46212,0,43,150,107,17.904
1721841163.835591,10.10.1.10:46212,0,43,152,107,15.747
1721841163.908925,10.10.1.10:46212,0,44,107,107,12.871
1721841163.982492,10.10.1.10:46212,0,44,110,107,13.097
1721841164.055707,10.10.1.10:46212,0,44,112,107,13.378
1721841164.120943,10.10.1.10:46212,0,44,114,107,13.801
1721841164.185987,10.10.1.10:46212,0,44,118,107,14.156
1721841164.259072,10.10.1.10:46212,0,44,120,107,14.483
1721841164.324233,10.10.1.10:46212,0,44,122,107,14.643
1721841164.397173,10.10.1.10:46212,0,44,125,107,14.986
1721841164.462403,10.10.1.10:46212,0,44,127,107,15.261
1721841164.535564,10.10.1.10:46212,0,44,130,107,15.576
1721841164.601159,10.10.1.10:46212,0,44,132,107,15.924
1721841164.666808,10.10.1.10:46212,0,44,134,107,15.935
1721841164.732480,10.10.1.10:46212,0,44,136,107,16.314
1721841164.797964,10.10.1.10:46212,0,44,138,107,16.605
1721841164.864937,10.10.1.10:46212,0,44,140,107,16.771
1721841164.938250,10.10.1.10:46212,0,44,143,107,17.092
1721841165.011791,10.10.1.10:46212,0,44,145,107,17.252
1721841165.085134,10.10.1.10:46212,0,44,147,107,17.594
1721841165.150420,10.10.1.10:46212,0,44,149,107,17.928
1721841165.217283,10.10.1.10:46212,0,44,151,107,17.971
1721841165.282788,10.10.1.10:46212,1,45,134,107,12.634
1721841165.356244,10.10.1.10:46212,0,45,109,107,12.862
1721841165.429395,10.10.1.10:46212,0,45,111,107,13.426
1721841165.495045,10.10.1.10:46212,0,45,114,107,13.62
1721841165.568428,10.10.1.10:46212,0,45,116,107,14.003
1721841165.633681,10.10.1.10:46212,0,45,119,107,14.175
1721841165.707229,10.10.1.10:46212,0,45,121,107,14.524
1721841165.772638,10.10.1.10:46212,0,45,124,107,14.935
1721841165.845633,10.10.1.10:46212,0,45,126,107,15.055
1721841165.911232,10.10.1.10:46212,0,45,129,107,15.433
1721841165.976659,10.10.1.10:46212,0,45,131,107,15.754
1721841166.043545,10.10.1.10:46212,0,45,133,107,15.946
1721841166.108933,10.10.1.10:46212,0,45,135,107,16.187
1721841166.175852,10.10.1.10:46212,0,45,138,107,16.469
1721841166.249137,10.10.1.10:46212,0,45,140,107,16.708
1721841166.315853,10.10.1.10:46212,0,45,142,107,17.025
1721841166.389028,10.10.1.10:46212,0,45,144,107,17.334
1721841166.454817,10.10.1.10:46212,0,45,146,107,17.497
1721841166.528133,10.10.1.10:46212,0,45,148,107,17.724
1721841166.601573,10.10.1.10:46212,0,45,151,107,18.015
1721841166.675017,10.10.1.10:46212,0,45,153,107,12.699
1721841166.740337,10.10.1.10:46212,0,46,109,107,12.825
1721841166.813299,10.10.1.10:46212,0,46,110,107,13.357
1721841166.878716,10.10.1.10:46212,0,46,113,107,13.583
1721841166.952152,10.10.1.10:46212,0,46,116,107,13.831
1721841167.025737,10.10.1.10:46212,0,46,119,107,14.125
1721841167.098866,10.10.1.10:46212,0,46,121,107,14.545
1721841167.164410,10.10.1.10:46212,0,46,123,107,14.842
1721841167.230883,10.10.1.10:46212,0,46,126,107,14.921
1721841167.296495,10.10.1.10:46212,0,46,129,107,15.422
1721841167.362042,10.10.1.10:46212,0,46,131,107,15.575
1721841167.435184,10.10.1.10:46212,0,46,133,107,15.94
1721841167.500775,10.10.1.10:46212,0,46,135,107,16.197
1721841167.573955,10.10.1.10:46212,0,46,138,107,16.457
1721841167.639725,10.10.1.10:46212,0,46,140,107,16.667
1721841167.713142,10.10.1.10:46212,0,46,142,107,17.104
1721841167.778855,10.10.1.10:46212,0,46,144,107,17.117
1721841167.845304,10.10.1.10:46212,0,46,146,107,17.44
1721841167.910633,10.10.1.10:46212,0,46,148,107,17.753
1721841167.983992,10.10.1.10:46212,0,46,150,107,18.049
1721841168.057467,10.10.1.10:46212,0,46,152,107,12.61
1721841168.123030,10.10.1.10:46212,0,47,108,107,12.887
1721841168.188801,10.10.1.10:46212,0,47,110,107,13.061
1721841168.254346,10.10.1.10:46212,0,47,112,107,13.369
1721841168.327591,10.10.1.10:46212,0,47,114,107,13.815
1721841168.392723,10.10.1.10:46212,0,47,118,107,14.01
1721841168.459078,10.10.1.10:46212,0,47,120,107,14.391
1721841168.524656,10.10.1.10:46212,0,47,122,107,14.53
1721841168.592533,10.10.1.10:46212,0,47,125,107,14.875
1721841168.665700,10.10.1.10:46212,0,47,127,107,15.272
1721841168.739305,10.10.1.10:46212,0,47,130,107,15.532
1721841168.812368,10.10.1.10:46212,0,47,132,107,15.826
1721841168.878199,10.10.1.10:46212,0,47,134,107,16.005
1721841168.944738,10.10.1.10:46212,0,47,137,107,16.265
1721841169.009850,10.10.1.10:46212,0,47,139,107,16.547
1721841169.083267,10.10.1.10:46212,0,47,141,107,16.903
1721841169.148721,10.10.1.10:46212,0,47,143,107,17.2
1721841169.221780,10.10.1.10:46212,0,47,145,107,17.499
1721841169.287407,10.10.1.10:46212,0,47,147,107,17.517
1721841169.354222,10.10.1.10:46212,0,47,149,107,17.908
1721841169.427763,10.10.1.10:46212,0,47,151,107,17.95
1721841169.494724,10.10.1.10:46212,1,48,107,107,12.815
1721841169.567922,10.10.1.10:46212,0,48,109,107,12.964
1721841169.634486,10.10.1.10:46212,0,48,111,107,13.27
1721841169.699843,10.10.1.10:46212,0,48,114,107,13.646
1721841169.774403,10.10.1.10:46212,0,48,116,107,14.111
1721841169.839717,10.10.1.10:46212,0,48,119,107,14.182
1721841169.913107,10.10.1.10:46212,0,48,122,107,14.449
1721841169.978390,10.10.1.10:46212,0,48,124,107,14.792
1721841170.051537,10.10.1.10:46212,0,48,126,107,15.322
1721841170.116925,10.10.1.10:46212,0,48,129,107,15.588
1721841170.190350,10.10.1.10:46212,0,48,131,107,15.777
1721841170.255711,10.10.1.10:46212,0,48,134,107,16.052
1721841170.328766,10.10.1.10:46212,0,48,136,107,16.387
1721841170.394091,10.10.1.10:46212,0,48,138,107,16.556
1721841170.460946,10.10.1.10:46212,0,48,140,107,16.8
1721841170.534238,10.10.1.10:46212,0,48,143,107,17.078
1721841170.607893,10.10.1.10:46212,0,48,145,107,17.261
1721841170.681156,10.10.1.10:46212,0,48,147,107,17.527
1721841170.746622,10.10.1.10:46212,0,48,149,107,17.893
1721841170.813197,10.10.1.10:46212,0,48,151,107,17.831
1721841170.886617,10.10.1.10:46212,1,49,144,107,12.769
1721841170.953236,10.10.1.10:46212,0,49,109,107,12.869
1721841171.026473,10.10.1.10:46212,0,49,111,107,13.37
1721841171.100016,10.10.1.10:46212,0,49,114,107,13.58
1721841171.165529,10.10.1.10:46212,0,49,116,107,13.884
1721841171.231955,10.10.1.10:46212,0,49,119,107,14.125
1721841171.297441,10.10.1.10:46212,0,49,121,107,14.489
1721841171.364256,10.10.1.10:46212,0,49,123,107,14.8
1721841171.437448,10.10.1.10:46212,0,49,126,107,15.1
1721841171.510667,10.10.1.10:46212,0,49,129,107,15.367
1721841171.576532,10.10.1.10:46212,0,49,131,107,15.737
1721841171.649599,10.10.1.10:46212,0,49,133,107,15.906
1721841171.715543,10.10.1.10:46212,0,49,135,107,16.103
1721841171.788767,10.10.1.10:46212,0,49,138,107,16.525
1721841171.855310,10.10.1.10:46212,0,49,140,107,16.724
1721841171.920894,10.10.1.10:46212,0,49,142,107,17.078
1721841171.987671,10.10.1.10:46212,0,49,144,107,17.281
1721841172.060928,10.10.1.10:46212,0,49,146,107,17.587
1721841172.126255,10.10.1.10:46212,0,49,148,107,17.676
1721841172.199569,10.10.1.10:46212,0,49,151,107,18.094
1721841172.264734,10.10.1.10:46212,0,49,153,107,12.687
1721841172.338010,10.10.1.10:46212,0,50,108,107,12.889
1721841172.403339,10.10.1.10:46212,0,50,110,107,13.189
1721841172.476503,10.10.1.10:46212,0,50,113,107,13.568
1721841172.542132,10.10.1.10:46212,0,50,116,107,13.755
1721841172.608497,10.10.1.10:46212,0,50,118,107,14.13
1721841172.674178,10.10.1.10:46212,0,50,120,107,14.451
1721841172.747521,10.10.1.10:46212,0,50,123,107,14.748
1721841172.813376,10.10.1.10:46212,0,50,126,107,14.994
1721841172.879801,10.10.1.10:46212,0,50,127,107,15.28
1721841172.945640,10.10.1.10:46212,0,50,130,107,15.534
1721841173.019016,10.10.1.10:46212,0,50,132,107,15.787
1721841173.084367,10.10.1.10:46212,0,50,135,107,16.148
1721841173.150952,10.10.1.10:46212,0,50,137,107,16.246
1721841173.216299,10.10.1.10:46212,0,50,139,107,16.583
1721841173.289926,10.10.1.10:46212,0,50,141,107,16.964
1721841173.356528,10.10.1.10:46212,0,50,143,107,17.145
1721841173.429599,10.10.1.10:46212,0,50,145,107,17.557
1721841173.496168,10.10.1.10:46212,0,50,147,107,17.655
1721841173.562268,10.10.1.10:46212,0,50,150,107,17.897
1721841173.635472,10.10.1.10:46212,0,50,152,107,16.918
1721841173.701216,10.10.1.10:46212,0,51,107,107,12.846
1721841173.774415,10.10.1.10:46212,0,51,109,107,13.163
1721841173.840144,10.10.1.10:46212,0,51,111,107,13.281
1721841173.906920,10.10.1.10:46212,0,51,114,107,13.708
1721841173.972604,10.10.1.10:46212,0,51,116,107,13.98
1721841174.039213,10.10.1.10:46212,0,51,119,107,14.276
1721841174.104526,10.10.1.10:46212,0,51,122,107,14.527
1721841174.171249,10.10.1.10:46212,0,51,124,107,14.896
1721841174.236762,10.10.1.10:46212,0,51,126,107,15.119
1721841174.301896,10.10.1.10:46212,0,51,129,107,15.345
1721841174.367615,10.10.1.10:46212,0,51,131,107,15.647
1721841174.433162,10.10.1.10:46212,0,51,133,107,15.845
1721841174.499851,10.10.1.10:46212,0,51,135,107,16.066
1721841174.566484,10.10.1.10:46212,0,51,137,107,16.462
1721841174.631684,10.10.1.10:46212,0,51,139,107,16.674
1721841174.705201,10.10.1.10:46212,0,51,142,107,17.025
1721841174.778225,10.10.1.10:46212,0,51,144,107,17.229
1721841174.843908,10.10.1.10:46212,0,51,146,107,17.433
1721841174.917114,10.10.1.10:46212,0,51,148,107,17.773
1721841174.982597,10.10.1.10:46212,0,51,150,107,17.975
1721841175.055867,10.10.1.10:46212,0,51,152,107,12.697
1721841175.122620,10.10.1.10:46212,0,52,108,107,12.771
1721841175.188115,10.10.1.10:46212,0,52,110,107,13.067
1721841175.254838,10.10.1.10:46212,0,52,112,107,13.348
1721841175.320113,10.10.1.10:46212,0,52,114,107,13.603
1721841175.386699,10.10.1.10:46212,0,52,117,107,14.162
1721841175.452095,10.10.1.10:46212,0,52,119,107,14.16
1721841175.518848,10.10.1.10:46212,0,52,122,107,14.53
1721841175.584137,10.10.1.10:46212,0,52,125,107,14.802
1721841175.657497,10.10.1.10:46212,0,52,127,107,15.254
1721841175.723740,10.10.1.10:46212,0,52,129,107,15.488
1721841175.796820,10.10.1.10:46212,0,52,131,107,15.745
1721841175.862611,10.10.1.10:46212,0,52,134,107,15.934
1721841175.935879,10.10.1.10:46212,0,52,136,107,16.366
1721841176.010354,10.10.1.10:46212,0,52,138,107,16.562
1721841176.083735,10.10.1.10:46212,0,52,140,107,16.913
1721841176.157367,10.10.1.10:46212,0,52,143,107,17.248
1721841176.230401,10.10.1.10:46212,0,52,145,107,17.408
1721841176.295752,10.10.1.10:46212,0,52,147,107,17.623
1721841176.369142,10.10.1.10:46212,0,52,150,107,17.891
1721841176.434839,10.10.1.10:46212,0,52,152,107,17.524
1721841176.508090,10.10.1.10:46212,0,53,107,107,12.782
1721841176.581405,10.10.1.10:46212,0,53,109,107,13.132
1721841176.646797,10.10.1.10:46212,0,53,111,107,13.348
1721841176.720054,10.10.1.10:46212,0,53,114,107,13.723
1721841176.786757,10.10.1.10:46212,0,53,117,107,14.043
1721841176.859840,10.10.1.10:46212,0,53,119,107,14.302
1721841176.933183,10.10.1.10:46212,0,53,122,107,14.593
1721841177.006894,10.10.1.10:46212,0,53,125,107,15.116
1721841177.072244,10.10.1.10:46212,0,53,127,107,15.3
1721841177.138823,10.10.1.10:46212,0,53,130,107,15.473
1721841177.204146,10.10.1.10:46212,0,53,132,107,15.835
1721841177.277531,10.10.1.10:46212,0,53,134,107,16.025
1721841177.343885,10.10.1.10:46212,0,53,136,107,16.351
1721841177.410719,10.10.1.10:46212,0,53,139,107,16.606
1721841177.476338,10.10.1.10:46212,0,53,141,107,16.788
1721841177.549634,10.10.1.10:46212,0,53,142,107,17.195
1721841177.614950,10.10.1.10:46212,0,53,145,107,17.285
1721841177.680853,10.10.1.10:46212,0,53,147,107,21.169
1721841177.753889,10.10.1.10:46198,,,10,,
