1722619752.787901,10.10.1.10:60014,,,10,,10.216
1722619752.929504,10.10.1.10:60022,,,195,,10.187
1722619752.995764,10.10.1.10:60022,76,903,860,1231,10.163
1722619753.063602,10.10.1.10:60022,0,1227,866,863,10.3
1722619753.129450,10.10.1.10:60022,0,1227,870,863,10.513
1722619753.197386,10.10.1.10:60022,0,1227,875,863,10.262
1722619753.263264,10.10.1.10:60022,0,1227,880,863,10.248
1722619753.332282,10.10.1.10:60022,2,1229,813,618,10.309
1722619753.398088,10.10.1.10:60022,0,1229,622,618,10.41
1722619753.465655,10.10.1.10:60022,0,1229,625,618,10.273
1722619753.531561,10.10.1.10:60022,0,1229,629,618,10.267
1722619753.599078,10.10.1.10:60022,0,1229,633,618,10.325
1722619753.672806,10.10.1.10:60022,0,1229,636,618,10.237
1722619753.738700,10.10.1.10:60022,0,1229,640,618,10.246
1722619753.805312,10.10.1.10:60022,0,1229,643,618,10.243
1722619753.878942,10.10.1.10:60022,0,1229,646,618,10.302
1722619753.944701,10.10.1.10:60022,0,1229,650,618,10.258
1722619754.010505,10.10.1.10:60022,0,1229,654,618,10.27
1722619754.077777,10.10.1.10:60022,0,1229,656,618,10.244
1722619754.143683,10.10.1.10:60022,0,1229,659,618,10.27
1722619754.211122,10.10.1.10:60022,0,1229,663,618,10.239
1722619754.276760,10.10.1.10:60022,0,1229,666,618,10.241
1722619754.344199,10.10.1.10:60022,0,1229,668,618,10.29
1722619754.410343,10.10.1.10:60022,0,1229,671,618,10.242
1722619754.484431,10.10.1.10:60022,0,1229,674,618,10.25
1722619754.550138,10.10.1.10:60022,0,1229,678,618,10.242
1722619754.618826,10.10.1.10:60022,0,1229,680,618,10.233
1722619754.692294,10.10.1.10:60022,0,1229,684,618,10.218
1722619754.758649,10.10.1.10:60022,0,1229,688,618,10.229
1722619754.826159,10.10.1.10:60022,0,1229,691,618,10.255
1722619754.899982,10.10.1.10:60022,0,1229,694,618,10.257
1722619754.965750,10.10.1.10:60022,0,1229,698,618,10.318
1722619755.034520,10.10.1.10:60022,0,1229,701,618,10.234
1722619755.100658,10.10.1.10:60022,0,1229,704,618,10.27
1722619755.167113,10.10.1.10:60022,0,1229,708,618,10.268
1722619755.233014,10.10.1.10:60022,0,1229,712,618,10.232
1722619755.301764,10.10.1.10:60022,0,1229,715,618,10.295
1722619755.367883,10.10.1.10:60022,0,1229,718,618,10.233
1722619755.433552,10.10.1.10:60022,0,1229,722,618,10.217
1722619755.500060,10.10.1.10:60022,0,1229,725,618,10.306
1722619755.567678,10.10.1.10:60022,0,1229,728,618,10.247
1722619755.633451,10.10.1.10:60022,0,1229,732,618,10.189
1722619755.701417,10.10.1.10:60022,0,1229,735,618,10.271
1722619755.767607,10.10.1.10:60022,0,1229,738,618,10.273
1722619755.837074,10.10.1.10:60022,0,1229,741,618,10.258
1722619755.904879,10.10.1.10:60022,0,1229,745,618,10.254
1722619755.970636,10.10.1.10:60022,0,1229,748,618,10.245
1722619756.036426,10.10.1.10:60022,0,1229,751,618,10.249
1722619756.106081,10.10.1.10:60022,0,1229,755,618,10.25
1722619756.179830,10.10.1.10:60022,0,1229,758,618,10.248
1722619756.245965,10.10.1.10:60022,0,1229,762,618,10.247
1722619756.330687,10.10.1.10:60022,0,1229,765,618,10.261
1722619756.404514,10.10.1.10:60022,0,1229,770,618,10.231
1722619756.473887,10.10.1.10:60022,0,1229,774,618,10.24
1722619756.540220,10.10.1.10:60022,0,1229,777,618,10.276
1722619756.609426,10.10.1.10:60022,0,1229,780,618,10.26
1722619756.683045,10.10.1.10:60022,0,1229,784,618,10.238
1722619756.749157,10.10.1.10:60022,0,1229,787,618,10.256
1722619756.826916,10.10.1.10:60022,0,1229,790,618,10.237
1722619756.900880,10.10.1.10:60022,0,1229,794,618,10.234
1722619756.968874,10.10.1.10:60022,0,1229,798,618,10.241
1722619757.034769,10.10.1.10:60022,0,1229,802,618,10.267
1722619757.101194,10.10.1.10:60022,0,1229,805,618,10.334
1722619757.167116,10.10.1.10:60022,0,1229,808,618,10.244
1722619757.234951,10.10.1.10:60022,0,1229,811,618,10.335
1722619757.308923,10.10.1.10:60022,0,1229,815,618,10.267
1722619757.376677,10.10.1.10:60022,0,1229,818,618,10.283
1722619757.442256,10.10.1.10:60022,0,1229,822,618,10.257
1722619757.509672,10.10.1.10:60022,0,1229,825,618,10.298
1722619757.583884,10.10.1.10:60022,0,1229,828,618,10.329
1722619757.651759,10.10.1.10:60022,0,1229,832,618,10.327
1722619757.725667,10.10.1.10:60022,0,1229,836,618,10.225
1722619757.793447,10.10.1.10:60022,0,1229,839,618,10.317
1722619757.862495,10.10.1.10:60022,0,1229,842,618,10.27
1722619757.936293,10.10.1.10:60022,0,1229,846,618,10.358
1722619758.002512,10.10.1.10:60022,0,1229,850,618,10.285
1722619758.070253,10.10.1.10:60022,0,1229,853,618,10.262
1722619758.136338,10.10.1.10:60022,0,1229,856,618,10.246
1722619758.210585,10.10.1.10:60022,0,1229,860,618,10.239
1722619758.276343,10.10.1.10:60022,0,1229,864,618,10.312
1722619758.343499,10.10.1.10:60022,0,1229,867,618,10.217
1722619758.417708,10.10.1.10:60022,0,1229,870,618,10.281
1722619758.483703,10.10.1.10:60022,0,1229,874,618,10.309
1722619758.553645,10.10.1.10:60022,0,1229,877,618,10.241
1722619758.621304,10.10.1.10:60022,0,1229,880,618,10.271
1722619758.691157,10.10.1.10:60022,0,1229,884,618,10.467
1722619758.764702,10.10.1.10:60022,0,1238,623,620,10.21
1722619758.833389,10.10.1.10:60022,0,1238,630,620,10.254
1722619758.899448,10.10.1.10:60022,0,1238,636,620,10.282
1722619758.976329,10.10.1.10:60022,0,1238,642,620,10.18
1722619759.042036,10.10.1.10:60022,0,1238,648,620,10.275
1722619759.111131,10.10.1.10:60022,0,1238,653,620,10.235
1722619759.176954,10.10.1.10:60022,0,1238,659,620,10.26
1722619759.250981,10.10.1.10:60022,0,1238,665,620,10.29
1722619759.316867,10.10.1.10:60022,0,1359,468,468,10.31
1722619759.382945,10.10.1.10:60022,0,1359,471,468,10.269
1722619759.448691,10.10.1.10:60022,0,1359,475,468,10.243
1722619759.514887,10.10.1.10:60022,0,1359,477,468,10.209
1722619759.581939,10.10.1.10:60022,0,1359,480,468,10.231
1722619759.647652,10.10.1.10:60022,0,1359,484,468,10.217
1722619759.714638,10.10.1.10:60022,0,1359,486,468,10.235
1722619759.780792,10.10.1.10:60022,0,1359,490,468,10.273
1722619759.846604,10.10.1.10:60022,0,1359,493,468,10.225
1722619759.912703,10.10.1.10:60022,0,1359,496,468,10.211
1722619759.980207,10.10.1.10:60022,0,1359,500,468,10.219
1722619760.046042,10.10.1.10:60022,0,1359,503,468,10.255
1722619760.113293,10.10.1.10:60022,0,1359,506,468,10.203
1722619760.179166,10.10.1.10:60022,0,1359,510,468,10.235
1722619760.252941,10.10.1.10:60022,0,1359,513,468,10.198
1722619760.318527,10.10.1.10:60022,0,1359,516,468,10.219
1722619760.385853,10.10.1.10:60022,0,1359,520,468,10.261
1722619760.451762,10.10.1.10:60022,0,1359,523,468,10.222
1722619760.525806,10.10.1.10:60022,0,1359,525,468,10.231
1722619760.594707,10.10.1.10:60022,0,1359,530,468,10.315
1722619760.660729,10.10.1.10:60022,0,1359,533,468,10.23
1722619760.726163,10.10.1.10:60022,0,1359,536,468,10.219
1722619760.791813,10.10.1.10:60022,0,1359,540,468,10.329
1722619760.857510,10.10.1.10:60022,0,1359,543,468,10.341
1722619760.923315,10.10.1.10:60022,0,1359,547,468,10.217
1722619760.989190,10.10.1.10:60022,0,1359,550,468,10.211
1722619761.056203,10.10.1.10:60022,0,1359,554,468,10.247
1722619761.121979,10.10.1.10:60022,0,1359,556,468,10.245
1722619761.190013,10.10.1.10:60022,0,1359,560,468,10.24
1722619761.255807,10.10.1.10:60022,0,1359,563,468,10.315
1722619761.322875,10.10.1.10:60022,0,1359,566,468,10.256
1722619761.388965,10.10.1.10:60022,0,1359,569,468,10.232
1722619761.455145,10.10.1.10:60022,0,1359,572,468,10.252
1722619761.521020,10.10.1.10:60022,0,1359,576,468,10.332
1722619761.594856,10.10.1.10:60022,0,1359,579,468,10.251
1722619761.668555,10.10.1.10:60022,0,1419,407,407,10.289
1722619761.736005,10.10.1.10:60022,0,1419,412,407,10.24
1722619761.802211,10.10.1.10:60022,0,1419,417,407,10.258
1722619761.867911,10.10.1.10:60022,0,1419,420,407,10.235
1722619761.933955,10.10.1.10:60022,0,1419,425,407,10.222
1722619761.999597,10.10.1.10:60022,0,1419,430,407,10.226
1722619762.067660,10.10.1.10:60022,0,1419,434,407,10.241
1722619762.134531,10.10.1.10:60022,0,1419,437,407,10.249
1722619762.200346,10.10.1.10:60022,0,1419,443,407,10.301
1722619762.265954,10.10.1.10:60022,0,1419,445,407,10.277
1722619762.333439,10.10.1.10:60022,0,1419,450,407,10.247
1722619762.399311,10.10.1.10:60022,0,1419,453,407,10.289
1722619762.465305,10.10.1.10:60022,0,1419,457,407,10.235
1722619762.531005,10.10.1.10:60022,0,1419,461,407,10.208
1722619762.605153,10.10.1.10:60022,0,1419,464,407,10.208
1722619762.678878,10.10.1.10:60022,0,1419,468,407,10.237
1722619762.744998,10.10.1.10:60022,0,1419,473,407,10.226
1722619762.812824,10.10.1.10:60022,0,1419,475,407,10.212
1722619762.879107,10.10.1.10:60022,0,1419,479,407,10.242
1722619762.944793,10.10.1.10:60022,0,1419,482,407,10.235
1722619763.010701,10.10.1.10:60022,0,1419,485,407,10.219
1722619763.076405,10.10.1.10:60022,0,1419,489,407,10.205
1722619763.142263,10.10.1.10:60022,0,1419,491,407,10.227
1722619763.209424,10.10.1.10:60022,0,1419,494,407,10.282
1722619763.275339,10.10.1.10:60022,0,1419,497,407,10.275
1722619763.342562,10.10.1.10:60022,0,1419,500,407,10.261
1722619763.409809,10.10.1.10:60022,0,1419,503,407,10.249
1722619763.475636,10.10.1.10:60022,0,1419,505,407,10.279
1722619763.542467,10.10.1.10:60022,0,1419,508,407,10.35
1722619763.610552,10.10.1.10:60022,0,1419,510,407,10.258
1722619763.684498,10.10.1.10:60022,0,1419,513,407,10.258
1722619763.764929,10.10.1.10:60022,0,1419,516,407,10.249
1722619763.838822,10.10.1.10:60022,0,1419,519,407,10.29
1722619763.906675,10.10.1.10:60022,0,1419,522,407,10.253
1722619763.980172,10.10.1.10:60022,0,1419,524,407,10.245
1722619764.045939,10.10.1.10:60022,0,1419,526,407,10.226
1722619764.111675,10.10.1.10:60022,0,1419,528,407,10.298
1722619764.179833,10.10.1.10:60022,0,1419,530,407,10.239
1722619764.245611,10.10.1.10:60022,0,1419,534,407,10.216
1722619764.311536,10.10.1.10:60022,0,1419,536,407,10.2
1722619764.377380,10.10.1.10:60022,0,1419,540,407,10.173
1722619764.446748,10.10.1.10:60022,0,1419,544,407,10.27
1722619764.520341,10.10.1.10:60022,0,1419,547,407,10.213
1722619764.594565,10.10.1.10:60022,0,1419,550,407,10.233
1722619764.660297,10.10.1.10:60022,0,1419,554,407,10.214
1722619764.736630,10.10.1.10:60022,0,1419,558,407,10.233
1722619764.805651,10.10.1.10:60022,0,1419,561,407,10.224
1722619764.872993,10.10.1.10:60022,0,1419,564,407,10.243
1722619764.938822,10.10.1.10:60022,0,1419,568,407,10.212
1722619765.012959,10.10.1.10:60022,0,1419,572,407,10.238
1722619765.086865,10.10.1.10:60022,0,1419,575,407,10.228
1722619765.152691,10.10.1.10:60022,0,1419,578,407,10.217
1722619765.219939,10.10.1.10:60022,0,1419,582,407,10.203
1722619765.285583,10.10.1.10:60022,0,1419,586,407,10.223
1722619765.352717,10.10.1.10:60022,0,1419,589,407,10.311
1722619765.418401,10.10.1.10:60022,0,1419,592,407,10.224
1722619765.486882,10.10.1.10:60022,0,1419,596,407,10.233
1722619765.560537,10.10.1.10:60022,0,1419,599,407,10.334
1722619765.626635,10.10.1.10:60022,0,1419,602,407,10.198
1722619765.694115,10.10.1.10:60022,0,1419,606,407,10.235
1722619765.759988,10.10.1.10:60022,0,1419,609,407,10.248
1722619765.827183,10.10.1.10:60022,0,1419,612,407,10.245
1722619765.892779,10.10.1.10:60022,0,1419,616,407,10.244
1722619765.958820,10.10.1.10:60022,0,1419,619,407,10.287
1722619766.032327,10.10.1.10:60022,0,1419,622,407,10.248
1722619766.098609,10.10.1.10:60022,0,1419,626,407,10.201
1722619766.164243,10.10.1.10:60022,0,1419,630,407,10.2
1722619766.230530,10.10.1.10:60022,0,1419,632,407,10.283
1722619766.296294,10.10.1.10:60022,0,1419,636,407,10.257
1722619766.364091,10.10.1.10:60022,0,1419,639,407,10.226
1722619766.430359,10.10.1.10:60022,0,1419,642,407,10.302
1722619766.496375,10.10.1.10:60022,0,1419,646,407,10.262
1722619766.565160,10.10.1.10:60022,0,1419,649,407,10.262
1722619766.638858,10.10.1.10:60022,0,1419,652,407,10.397
1722619766.704675,10.10.1.10:60022,0,1419,656,407,10.261
1722619766.774165,10.10.1.10:60022,0,1419,659,407,10.293
1722619766.840007,10.10.1.10:60022,0,1419,662,407,10.265
1722619766.906009,10.10.1.10:60022,0,1419,666,407,10.231
1722619766.974541,10.10.1.10:60022,0,1419,669,407,10.271
1722619767.040553,10.10.1.10:60022,0,1419,673,407,10.211
1722619767.109286,10.10.1.10:60022,0,1419,676,407,10.228
1722619767.175233,10.10.1.10:60022,0,1419,679,407,10.207
1722619767.241151,10.10.1.10:60022,0,1419,683,407,10.198
1722619767.307018,10.10.1.10:60022,0,1419,686,407,10.254
1722619767.373036,10.10.1.10:60022,0,1419,689,407,10.243
1722619767.439139,10.10.1.10:60022,0,1419,693,407,10.229
1722619767.513328,10.10.1.10:60022,0,1419,696,407,10.234
1722619767.578949,10.10.1.10:60022,0,1419,699,407,10.319
1722619767.644893,10.10.1.10:60022,0,1419,703,407,10.24
1722619767.710836,10.10.1.10:60022,0,1419,706,407,10.253
1722619767.777132,10.10.1.10:60022,0,1419,709,407,10.242
1722619767.842904,10.10.1.10:60022,0,1419,713,407,10.281
1722619767.910566,10.10.1.10:60022,0,1438,504,499,10.199
1722619767.976587,10.10.1.10:60022,0,1438,509,499,10.278
1722619768.043598,10.10.1.10:60022,0,1438,514,499,10.25
1722619768.109997,10.10.1.10:60022,0,1438,519,499,10.249
1722619768.177127,10.10.1.10:60022,0,1438,524,499,10.246
1722619768.244884,10.10.1.10:60022,0,1438,529,499,10.26
1722619768.310743,10.10.1.10:60022,0,1438,533,499,10.264
1722619768.376799,10.10.1.10:60022,0,1438,539,499,10.316
1722619768.442451,10.10.1.10:60022,0,1438,543,499,10.272
1722619768.508587,10.10.1.10:60022,0,1438,547,499,10.232
1722619768.582201,10.10.1.10:60022,0,1438,552,499,10.203
1722619768.651030,10.10.1.10:60022,0,1438,556,499,10.234
1722619768.716734,10.10.1.10:60022,0,1438,561,499,10.241
1722619768.790461,10.10.1.10:60022,0,1438,564,499,10.228
1722619768.856225,10.10.1.10:60022,0,1438,570,499,10.253
1722619768.922607,10.10.1.10:60022,0,1438,573,499,10.301
1722619768.996285,10.10.1.10:60022,0,1438,576,499,10.274
1722619769.062081,10.10.1.10:60022,0,1438,581,499,10.273
1722619769.127769,10.10.1.10:60022,0,1438,585,499,10.245
1722619769.193572,10.10.1.10:60022,0,1438,589,499,10.224
1722619769.259259,10.10.1.10:60022,0,1438,592,499,10.236
1722619769.324765,10.10.1.10:60022,0,1438,595,499,10.232
1722619769.390546,10.10.1.10:60022,0,1438,599,499,10.236
1722619769.457638,10.10.1.10:60022,0,1438,602,499,10.275
1722619769.523715,10.10.1.10:60022,0,1438,606,499,10.313
1722619769.590999,10.10.1.10:60022,0,1438,609,499,10.235
1722619769.664625,10.10.1.10:60022,0,1438,613,499,10.225
1722619769.738962,10.10.1.10:60022,0,1438,617,499,10.223
1722619769.812609,10.10.1.10:60022,0,1438,619,499,10.201
1722619769.878971,10.10.1.10:60022,0,1438,622,499,10.235
1722619769.945944,10.10.1.10:60022,0,1438,625,499,10.241
1722619770.014100,10.10.1.10:60022,0,1438,629,499,10.294
1722619770.087753,10.10.1.10:60022,0,1438,632,499,10.297
1722619770.155955,10.10.1.10:60022,0,1438,634,499,10.276
1722619770.223369,10.10.1.10:60022,0,1438,637,499,10.237
1722619770.297227,10.10.1.10:60022,0,1438,640,499,10.261
1722619770.364698,10.10.1.10:60022,0,1438,643,499,10.255
1722619770.433755,10.10.1.10:60022,0,1438,646,499,10.263
1722619770.501382,10.10.1.10:60022,0,1438,648,499,10.227
1722619770.581734,10.10.1.10:60022,0,1438,650,499,10.239
1722619770.649114,10.10.1.10:60022,0,1438,653,499,10.264
1722619770.729161,10.10.1.10:60022,0,1438,655,499,10.259
1722619770.796518,10.10.1.10:60022,0,1438,658,499,10.258
1722619770.870175,10.10.1.10:60022,0,1438,660,499,10.224
1722619770.937906,10.10.1.10:60022,0,1438,662,499,10.254
1722619771.016440,10.10.1.10:60022,0,1438,664,499,10.374
1722619771.090394,10.10.1.10:60022,0,1438,666,499,10.548
1722619771.156433,10.10.1.10:60022,0,1438,668,499,10.303
1722619771.224148,10.10.1.10:60022,0,1438,670,499,10.219
1722619771.290661,10.10.1.10:60022,0,1438,672,499,10.245
1722619771.358163,10.10.1.10:60022,0,1438,674,499,10.243
1722619771.423997,10.10.1.10:60022,0,1438,676,499,10.224
1722619771.490456,10.10.1.10:60022,0,1438,678,499,10.257
1722619771.556077,10.10.1.10:60022,0,1438,681,499,10.239
1722619771.632801,10.10.1.10:60022,0,1438,685,499,10.188
1722619771.699077,10.10.1.10:60022,0,1438,689,499,10.267
1722619771.768806,10.10.1.10:60022,0,1438,692,499,10.256
1722619771.836531,10.10.1.10:60022,0,1438,695,499,10.274
1722619771.905366,10.10.1.10:60022,0,1438,699,499,10.241
1722619771.979090,10.10.1.10:60022,0,1438,703,499,10.268
1722619772.047823,10.10.1.10:60022,0,1438,706,499,10.273
1722619772.121584,10.10.1.10:60022,0,1438,709,499,10.24
1722619772.189636,10.10.1.10:60022,0,1438,713,499,10.258
1722619772.257335,10.10.1.10:60022,0,1438,717,499,10.255
1722619772.331146,10.10.1.10:60022,0,1438,720,499,10.28
1722619772.405428,10.10.1.10:60022,0,1438,724,499,10.246
1722619772.479509,10.10.1.10:60022,0,1438,728,499,10.351
1722619772.545774,10.10.1.10:60022,0,1438,731,499,10.269
1722619772.619757,10.10.1.10:60022,0,1438,734,499,10.237
1722619772.687768,10.10.1.10:60022,0,1438,738,499,10.263
1722619772.772170,10.10.1.10:60022,0,1438,741,499,10.281
1722619772.846495,10.10.1.10:60022,0,1438,746,499,10.244
1722619772.914125,10.10.1.10:60022,0,1438,749,499,10.271
1722619772.983466,10.10.1.10:60022,0,1438,752,499,10.265
1722619773.057104,10.10.1.10:60022,0,1438,756,499,10.218
1722619773.125882,10.10.1.10:60022,0,1438,760,499,10.34
1722619773.199744,10.10.1.10:60022,0,1438,763,499,10.22
1722619773.268565,10.10.1.10:60022,0,1438,766,499,10.204
1722619773.336295,10.10.1.10:60022,0,1438,770,499,10.22
1722619773.403938,10.10.1.10:60022,0,1438,773,499,10.272
1722619773.478115,10.10.1.10:60022,0,1438,777,499,10.232
1722619773.548011,10.10.1.10:60022,0,1438,780,499,10.241
1722619773.621719,10.10.1.10:60022,0,1438,783,499,10.245
1722619773.706938,10.10.1.10:60022,0,1438,787,499,10.229
1722619773.780646,10.10.1.10:60022,0,1438,792,499,10.259
1722619773.846607,10.10.1.10:60022,0,1438,795,499,10.211
1722619773.913848,10.10.1.10:60022,77,1515,559,559,10.193
1722619773.987709,10.10.1.10:60022,0,1515,565,559,10.281
1722619774.056913,10.10.1.10:60022,0,1515,571,559,10.259
1722619774.130790,10.10.1.10:60022,0,1515,577,559,10.257
1722619774.198160,10.10.1.10:60022,0,1515,583,559,10.236
1722619774.271675,10.10.1.10:60022,0,1515,588,559,10.326
1722619774.338767,10.10.1.10:60022,0,1515,593,559,10.263
1722619774.407550,10.10.1.10:60022,0,1515,599,559,10.264
1722619774.481568,10.10.1.10:60022,0,1515,604,559,10.24
1722619774.550653,10.10.1.10:60022,0,1515,610,559,10.23
1722619774.624219,10.10.1.10:60022,0,1515,615,559,10.256
1722619774.691835,10.10.1.10:60022,0,1515,620,559,10.233
1722619774.759361,10.10.1.10:60022,0,1515,625,559,10.257
1722619774.827839,10.10.1.10:60022,0,1515,629,559,10.247
1722619774.901665,10.10.1.10:60022,0,1515,633,559,10.242
1722619774.967958,10.10.1.10:60022,0,1515,639,559,10.242
1722619775.035569,10.10.1.10:60022,0,1515,643,559,10.266
1722619775.109503,10.10.1.10:60022,0,1515,647,559,10.22
1722619775.183494,10.10.1.10:60022,0,1515,652,559,10.248
1722619775.257492,10.10.1.10:60022,0,1515,657,559,10.25
1722619775.324087,10.10.1.10:60022,0,1515,660,559,10.241
1722619775.397541,10.10.1.10:60022,0,1515,664,559,10.204
1722619775.464011,10.10.1.10:60022,0,1515,669,559,10.252
1722619775.530605,10.10.1.10:60022,0,1515,672,559,10.274
1722619775.598960,10.10.1.10:60022,0,1515,677,559,10.314
1722619775.673076,10.10.1.10:60022,0,1515,680,559,10.247
1722619775.741228,10.10.1.10:60022,0,1515,684,559,10.371
1722619775.812940,10.10.1.10:60022,0,1515,687,559,10.236
1722619775.886866,10.10.1.10:60022,0,1515,691,559,10.266
1722619775.961028,10.10.1.10:60022,0,1515,695,559,10.256
1722619776.028345,10.10.1.10:60022,0,1515,698,559,10.229
1722619776.094842,10.10.1.10:60022,0,1515,702,559,10.245
1722619776.162169,10.10.1.10:60022,0,1515,704,559,10.218
1722619776.236116,10.10.1.10:60022,0,1515,708,559,10.29
1722619776.309854,10.10.1.10:60022,0,1515,711,559,10.298
1722619776.377242,10.10.1.10:60022,0,1549,501,499,10.295
1722619776.450986,10.10.1.10:60022,0,1549,505,499,10.24
1722619776.519042,10.10.1.10:60022,0,1549,508,499,10.213
1722619776.584683,10.10.1.10:60022,0,1549,511,499,10.259
1722619776.665514,10.10.1.10:60022,0,1549,515,499,10.203
1722619776.731525,10.10.1.10:60022,0,1549,518,499,10.276
1722619776.805342,10.10.1.10:60022,0,1549,521,499,10.221
1722619776.871480,10.10.1.10:60022,0,1549,524,499,10.239
1722619776.938591,10.10.1.10:60022,0,1549,527,499,10.216
1722619777.005138,10.10.1.10:60022,0,1549,531,499,10.222
1722619777.070892,10.10.1.10:60022,0,1549,533,499,10.253
1722619777.136854,10.10.1.10:60022,0,1549,537,499,10.198
1722619777.204182,10.10.1.10:60022,0,1549,540,499,10.209
1722619777.278255,10.10.1.10:60022,0,1549,544,499,10.225
1722619777.352501,10.10.1.10:60022,0,1549,548,499,10.202
1722619777.426169,10.10.1.10:60022,0,1549,551,499,10.194
1722619777.495263,10.10.1.10:60022,0,1549,555,499,10.228
1722619777.569448,10.10.1.10:60022,0,1549,558,499,10.202
1722619777.638503,10.10.1.10:60022,0,1549,562,499,10.23
1722619777.705767,10.10.1.10:60022,0,1549,566,499,10.239
1722619777.775066,10.10.1.10:60022,0,1549,569,499,10.235
1722619777.841159,10.10.1.10:60022,0,1549,572,499,10.232
1722619777.915018,10.10.1.10:60022,0,1549,576,499,10.216
1722619777.989315,10.10.1.10:60022,0,1549,580,499,10.227
1722619778.058345,10.10.1.10:60022,0,1549,583,499,10.226
1722619778.132076,10.10.1.10:60022,0,1549,586,499,10.221
1722619778.206046,10.10.1.10:60022,0,1549,590,499,10.201
1722619778.280193,10.10.1.10:60022,0,1549,594,499,10.229
1722619778.346476,10.10.1.10:60022,0,1549,598,499,10.199
1722619778.420398,10.10.1.10:60022,0,1549,601,499,10.217
1722619778.494181,10.10.1.10:60022,0,1549,604,499,10.227
1722619778.568019,10.10.1.10:60022,0,1549,608,499,10.232
1722619778.635330,10.10.1.10:60022,0,1549,612,499,10.232
1722619778.704325,10.10.1.10:60022,0,1549,616,499,10.238
1722619778.778224,10.10.1.10:60022,0,1549,618,499,10.217
1722619778.847675,10.10.1.10:60022,0,1549,622,499,10.229
1722619778.915173,10.10.1.10:60022,0,1549,626,499,10.252
1722619778.984710,10.10.1.10:60022,0,1549,630,499,10.219
1722619779.058830,10.10.1.10:60022,0,1549,633,499,10.214
1722619779.132634,10.10.1.10:60022,0,1549,636,499,10.205
1722619779.198926,10.10.1.10:60022,0,1549,641,499,10.22
1722619779.266460,10.10.1.10:60022,0,1549,644,499,10.209
1722619779.332625,10.10.1.10:60022,0,1549,647,499,10.213
1722619779.406178,10.10.1.10:60022,0,1549,651,499,10.229
1722619779.475740,10.10.1.10:60022,0,1549,654,499,10.228
1722619779.549530,10.10.1.10:60022,0,1549,657,499,10.297
1722619779.618077,10.10.1.10:60022,0,1549,661,499,10.221
1722619779.685315,10.10.1.10:60022,0,1549,665,499,10.231
1722619779.751632,10.10.1.10:60022,0,1549,668,499,10.252
1722619779.824747,10.10.1.10:60022,44,1593,524,469,10.189
1722619779.892012,10.10.1.10:60022,0,1593,475,469,10.232
1722619779.960016,10.10.1.10:60022,0,1593,480,469,10.362
1722619780.033650,10.10.1.10:60022,0,1593,484,469,10.228
1722619780.102394,10.10.1.10:60022,0,1593,489,469,10.241
1722619780.169432,10.10.1.10:60022,0,1593,495,469,10.227
1722619780.237806,10.10.1.10:60022,0,1593,499,469,10.233
1722619780.311486,10.10.1.10:60022,0,1593,504,469,10.238
1722619780.380069,10.10.1.10:60022,0,1593,509,469,10.205
1722619780.447184,10.10.1.10:60022,0,1593,512,469,10.193
1722619780.515783,10.10.1.10:60022,0,1593,518,469,10.218
1722619780.582979,10.10.1.10:60022,0,1593,521,469,10.257
1722619780.648567,10.10.1.10:60022,0,1593,526,469,10.244
1722619780.722306,10.10.1.10:60022,0,1593,530,469,10.217
1722619780.789419,10.10.1.10:60022,0,1593,534,469,10.241
1722619780.857609,10.10.1.10:60022,0,1593,538,469,10.252
1722619780.931286,10.10.1.10:60022,0,1593,542,469,10.233
1722619780.999262,10.10.1.10:60022,0,1593,546,469,10.203
1722619781.072959,10.10.1.10:60022,0,1593,549,469,10.316
1722619781.141146,10.10.1.10:60022,0,1593,553,469,10.219
1722619781.214898,10.10.1.10:60022,0,1593,557,469,10.288
1722619781.282836,10.10.1.10:60022,0,1593,561,469,10.254
1722619781.350010,10.10.1.10:60022,0,1593,564,469,10.295
1722619781.418245,10.10.1.10:60022,0,1593,568,469,10.385
1722619781.484025,10.10.1.10:60022,0,1593,571,469,10.289
1722619781.552513,10.10.1.10:60022,0,1593,574,469,10.27
1722619781.618288,10.10.1.10:60022,0,1593,578,469,10.264
1722619781.684593,10.10.1.10:60022,0,1593,581,469,10.303
1722619781.758252,10.10.1.10:60022,0,1593,583,469,10.214
1722619781.824267,10.10.1.10:60022,0,1593,586,469,10.234
1722619781.893035,10.10.1.10:60022,0,1593,590,469,10.257
1722619781.966835,10.10.1.10:60022,0,1593,592,469,10.218
1722619782.035949,10.10.1.10:60022,0,1593,595,469,10.247
1722619782.109740,10.10.1.10:60022,0,1593,597,469,10.232
1722619782.183226,10.10.1.10:60022,0,1593,600,469,10.259
1722619782.249641,10.10.1.10:60022,0,1593,603,469,10.233
1722619782.318582,10.10.1.10:60022,0,1593,606,469,10.262
1722619782.392211,10.10.1.10:60022,0,1593,608,469,10.26
1722619782.459631,10.10.1.10:60022,0,1593,611,469,10.228
1722619782.525857,10.10.1.10:60022,0,1593,614,469,10.242
1722619782.593057,10.10.1.10:60022,0,1593,616,469,10.272
1722619782.662068,10.10.1.10:60022,0,1593,617,469,10.198
1722619782.735611,10.10.1.10:60022,0,1593,619,469,10.263
1722619782.803912,10.10.1.10:60022,0,1593,622,469,10.295
1722619782.870716,10.10.1.10:60022,0,1593,624,469,10.248
1722619782.939391,10.10.1.10:60022,0,1593,626,469,10.269
1722619783.013062,10.10.1.10:60022,0,1593,628,469,10.302
1722619783.080942,10.10.1.10:60022,0,1593,630,469,10.334
1722619783.154650,10.10.1.10:60022,0,1593,634,469,10.301
1722619783.220840,10.10.1.10:60022,0,1593,637,469,10.281
1722619783.294455,10.10.1.10:60022,0,1593,639,469,10.241
1722619783.362739,10.10.1.10:60022,0,1593,644,469,10.401
1722619783.436644,10.10.1.10:60022,0,1593,647,469,10.269
1722619783.504713,10.10.1.10:60022,0,1593,650,469,10.307
1722619783.571794,10.10.1.10:60022,0,1593,654,469,10.306
1722619783.645458,10.10.1.10:60022,0,1593,658,469,10.283
1722619783.719436,10.10.1.10:60022,0,1593,661,469,10.251
1722619783.792966,10.10.1.10:60022,0,1593,665,469,10.249
1722619783.858952,10.10.1.10:60022,0,1593,668,469,10.257
1722619783.927561,10.10.1.10:60022,0,1593,672,469,10.266
1722619783.994973,10.10.1.10:60022,0,1593,676,469,10.259
1722619784.063638,10.10.1.10:60022,0,1593,678,469,10.291
1722619784.137846,10.10.1.10:60022,0,1593,682,469,10.28
1722619784.211718,10.10.1.10:60022,0,1593,686,469,10.242
1722619784.287089,10.10.1.10:60022,0,1593,690,469,10.254
1722619784.353534,10.10.1.10:60022,0,1593,694,469,10.237
1722619784.420799,10.10.1.10:60022,0,1593,696,469,10.275
1722619784.494768,10.10.1.10:60022,0,1593,700,469,10.309
1722619784.563115,10.10.1.10:60022,0,1593,704,469,10.234
1722619784.630749,10.10.1.10:60022,0,1593,707,469,10.296
1722619784.698982,10.10.1.10:60022,0,1593,711,469,10.299
1722619784.766825,10.10.1.10:60022,0,1593,714,469,10.357
1722619784.840837,10.10.1.10:60022,0,1593,717,469,10.275
1722619784.914977,10.10.1.10:60022,0,1593,721,469,10.272
1722619784.983093,10.10.1.10:60022,0,1593,725,469,10.277
1722619785.049198,10.10.1.10:60022,0,1593,729,469,10.226
1722619785.116578,10.10.1.10:60022,0,1593,731,469,10.243
1722619785.190644,10.10.1.10:60022,0,1593,735,469,10.244
1722619785.260312,10.10.1.10:60022,0,1593,739,469,10.225
1722619785.327829,10.10.1.10:60022,0,1593,742,469,10.264
1722619785.396964,10.10.1.10:60022,0,1593,745,469,10.279
1722619785.464828,10.10.1.10:60022,0,1593,749,469,10.284
1722619785.538780,10.10.1.10:60022,0,1593,753,469,10.249
1722619785.606957,10.10.1.10:60022,0,1593,756,469,10.237
1722619785.676187,10.10.1.10:60022,0,1593,759,469,10.305
1722619785.750030,10.10.1.10:60022,0,1593,763,469,10.275
1722619785.815950,10.10.1.10:60022,0,1593,767,469,10.355
1722619785.885017,10.10.1.10:60022,0,1593,770,469,10.242
1722619785.952904,10.10.1.10:60022,0,1593,773,469,10.251
1722619786.027001,10.10.1.10:60022,0,1593,776,469,10.245
1722619786.101284,10.10.1.10:60022,0,1593,780,469,10.28
1722619786.177254,10.10.1.10:60022,0,1593,784,469,10.25
1722619786.252241,10.10.1.10:60022,0,1593,788,469,10.227
1722619786.319689,10.10.1.10:60022,0,1593,792,469,10.282
1722619786.393530,10.10.1.10:60022,0,1593,794,469,10.294
1722619786.459737,10.10.1.10:60022,1,1594,713,558,10.236
1722619786.528092,10.10.1.10:60022,0,1594,564,558,10.237
1722619786.593836,10.10.1.10:60022,0,1594,568,558,10.268
1722619786.668447,10.10.1.10:60022,0,1594,575,558,10.231
1722619786.734854,10.10.1.10:60022,0,1594,581,558,10.209
1722619786.800943,10.10.1.10:60022,0,1594,586,558,10.22
1722619786.867402,10.10.1.10:60022,0,1594,591,558,10.225
1722619786.934523,10.10.1.10:60022,0,1594,596,558,10.204
1722619787.000419,10.10.1.10:60022,0,1594,601,558,10.207
1722619787.068073,10.10.1.10:60022,0,1594,606,558,10.219
1722619787.133813,10.10.1.10:60022,0,1594,611,558,10.231
1722619787.202537,10.10.1.10:60022,0,1594,616,558,10.222
1722619787.268717,10.10.1.10:60022,0,1594,621,558,10.329
1722619787.336351,10.10.1.10:60022,0,1594,624,558,10.245
1722619787.402090,10.10.1.10:60022,0,1594,630,558,10.226
1722619787.467964,10.10.1.10:60022,0,1594,634,558,10.219
1722619787.533636,10.10.1.10:60022,0,1594,638,558,10.231
1722619787.599441,10.10.1.10:60022,0,1594,642,558,10.264
1722619787.669084,10.10.1.10:60022,0,1594,647,558,10.236
1722619787.742940,10.10.1.10:60022,0,1594,651,558,10.307
1722619787.809150,10.10.1.10:60022,0,1594,656,558,10.264
1722619787.874929,10.10.1.10:60022,0,1594,660,558,10.24
1722619787.943471,10.10.1.10:60022,0,1594,663,558,10.255
1722619788.017176,10.10.1.10:60022,0,1594,668,558,10.281
1722619788.083506,10.10.1.10:60022,0,1594,671,558,10.307
1722619788.149543,10.10.1.10:60022,0,1594,676,558,10.276
1722619788.223620,10.10.1.10:60022,0,1594,678,558,10.258
1722619788.297431,10.10.1.10:60022,0,1594,683,558,10.204
1722619788.363142,10.10.1.10:60022,0,1594,687,558,10.261
1722619788.432376,10.10.1.10:60022,0,1594,689,558,10.208
1722619788.498134,10.10.1.10:60022,0,1594,693,558,10.344
1722619788.565587,10.10.1.10:60022,0,1594,697,558,10.233
1722619788.631593,10.10.1.10:60022,0,1594,701,558,10.251
1722619788.700855,10.10.1.10:60022,0,1594,702,558,10.248
1722619788.768057,10.10.1.10:60022,0,1594,706,558,10.259
1722619788.836768,10.10.1.10:60022,0,1594,709,558,10.215
1722619788.902927,10.10.1.10:60022,0,1594,712,558,10.262
1722619788.969094,10.10.1.10:60022,0,1594,715,558,10.236
1722619789.034977,10.10.1.10:60022,0,1594,717,558,10.305
1722619789.109152,10.10.1.10:60022,0,1594,720,558,10.239
1722619789.174784,10.10.1.10:60022,0,1594,723,558,10.261
1722619789.241191,10.10.1.10:60022,0,1594,726,558,10.359
1722619789.314865,10.10.1.10:60022,0,1594,729,558,10.344
1722619789.382492,10.10.1.10:60022,0,1594,731,558,10.251
1722619789.448796,10.10.1.10:60022,0,1594,733,558,10.299
1722619789.516202,10.10.1.10:60022,0,1594,736,558,10.257
1722619789.583999,10.10.1.10:60022,0,1594,738,558,10.272
1722619789.649925,10.10.1.10:60022,0,1594,741,558,10.239
1722619789.717751,10.10.1.10:60022,0,1594,743,558,10.242
1722619789.787580,10.10.1.10:60022,0,1594,745,558,10.249
1722619789.853531,10.10.1.10:60022,0,1594,747,558,10.289
1722619789.922879,10.10.1.10:60022,0,1594,749,558,10.284
1722619789.988593,10.10.1.10:60022,0,1594,751,558,10.245
1722619790.056152,10.10.1.10:60022,0,1594,753,558,10.363
1722619790.122392,10.10.1.10:60022,0,1594,755,558,10.322
1722619790.191695,10.10.1.10:60022,0,1594,757,558,10.355
1722619790.257658,10.10.1.10:60022,0,1597,532,530,10.196
1722619790.325020,10.10.1.10:60022,0,1597,535,530,10.3
1722619790.391058,10.10.1.10:60022,0,1597,538,530,10.283
1722619790.458963,10.10.1.10:60022,0,1597,542,530,10.261
1722619790.524751,10.10.1.10:60022,0,1597,545,530,10.237
1722619790.598889,10.10.1.10:60022,0,1597,548,530,10.274
1722619790.672645,10.10.1.10:60022,0,1597,551,530,10.199
1722619790.740810,10.10.1.10:60022,0,1597,555,530,10.247
1722619790.806485,10.10.1.10:60022,0,1597,558,530,10.251
1722619790.875247,10.10.1.10:60022,0,1597,561,530,10.241
1722619790.941017,10.10.1.10:60022,0,1597,564,530,10.232
1722619791.006990,10.10.1.10:60022,0,1597,567,530,10.262
1722619791.072742,10.10.1.10:60022,0,1597,570,530,10.277
1722619791.138441,10.10.1.10:60022,0,1597,574,530,10.241
1722619791.205718,10.10.1.10:60022,0,1597,577,530,10.265
1722619791.279741,10.10.1.10:60022,0,1597,580,530,10.222
1722619791.347020,10.10.1.10:60022,0,1597,584,530,10.231
1722619791.412958,10.10.1.10:60022,0,1597,588,530,10.218
1722619791.480277,10.10.1.10:60022,0,1597,591,530,10.3
1722619791.546700,10.10.1.10:60022,0,1597,594,530,10.232
1722619791.615366,10.10.1.10:60022,0,1597,598,530,10.258
1722619791.681658,10.10.1.10:60022,0,1597,601,530,10.268
1722619791.747288,10.10.1.10:60022,0,1597,604,530,10.273
1722619791.813498,10.10.1.10:60022,0,1597,608,530,10.237
1722619791.879292,10.10.1.10:60022,0,1597,610,530,10.228
1722619791.946176,10.10.1.10:60022,0,1751,428,428,10.207
1722619792.019982,10.10.1.10:60022,0,1751,432,428,10.302
1722619792.085446,10.10.1.10:60022,0,1751,435,428,10.273
1722619792.152382,10.10.1.10:60022,0,1751,438,428,10.252
1722619792.218725,10.10.1.10:60022,0,1751,441,428,10.263
1722619792.284454,10.10.1.10:60022,0,1751,443,428,10.446
1722619792.350236,10.10.1.10:60022,0,1751,446,428,10.374
1722619792.423736,10.10.1.10:60022,0,1751,450,428,10.254
1722619792.489526,10.10.1.10:60022,0,1751,454,428,10.235
1722619792.555847,10.10.1.10:60022,0,1751,456,428,10.219
1722619792.629752,10.10.1.10:60022,0,1751,460,428,10.244
1722619792.703265,10.10.1.10:60022,0,1751,464,428,10.243
1722619792.770203,10.10.1.10:60022,0,1751,467,428,10.249
1722619792.843960,10.10.1.10:60022,0,1751,471,428,10.258
1722619792.910136,10.10.1.10:60022,0,1751,474,428,10.253
1722619792.975759,10.10.1.10:60022,0,1751,477,428,10.245
1722619793.049451,10.10.1.10:60022,0,1751,481,428,10.263
1722619793.115375,10.10.1.10:60022,0,1751,484,428,10.249
1722619793.181387,10.10.1.10:60022,0,1751,487,428,10.488
1722619793.246890,10.10.1.10:60022,0,1751,491,428,10.401
1722619793.312511,10.10.1.10:60022,0,1751,494,428,10.26
1722619793.378237,10.10.1.10:60022,0,1751,497,428,10.228
1722619793.444500,10.10.1.10:60022,0,1751,501,428,10.214
1722619793.510036,10.10.1.10:60022,0,1751,503,428,10.269
1722619793.575870,10.10.1.10:60022,0,1751,507,428,10.266
1722619793.641973,10.10.1.10:60022,0,1751,510,428,10.245
1722619793.715724,10.10.1.10:60022,0,1751,514,428,10.266
1722619793.781679,10.10.1.10:60022,0,1751,517,428,10.241
1722619793.847483,10.10.1.10:60022,4,1755,364,364,11.784
1722619793.913205,10.10.1.10:60022,0,1755,367,364,10.347
1722619793.987635,10.10.1.10:60022,0,1755,372,364,10.261
1722619794.053398,10.10.1.10:60022,0,1755,377,364,10.285
1722619794.120804,10.10.1.10:60022,0,1755,380,364,10.285
1722619794.194595,10.10.1.10:60022,0,1755,385,364,10.245
1722619794.268303,10.10.1.10:60022,0,1755,388,364,10.24
1722619794.335888,10.10.1.10:60022,0,1755,393,364,10.238
1722619794.401727,10.10.1.10:60022,0,1755,397,364,10.268
1722619794.467719,10.10.1.10:60022,0,1755,400,364,10.385
1722619794.533376,10.10.1.10:60022,0,1755,404,364,10.24
1722619794.599435,10.10.1.10:60022,0,1755,407,364,10.243
1722619794.665656,10.10.1.10:60022,0,1755,411,364,10.58
1722619794.731472,10.10.1.10:60022,0,1755,414,364,10.236
1722619794.798268,10.10.1.10:60022,0,1755,417,364,10.268
1722619794.864179,10.10.1.10:60022,0,1755,421,364,10.227
1722619794.931201,10.10.1.10:60022,0,1755,423,364,10.238
1722619794.997046,10.10.1.10:60022,0,1755,427,364,10.263
1722619795.062841,10.10.1.10:60022,0,1755,430,364,10.246
1722619795.128746,10.10.1.10:60022,0,1755,433,364,10.276
1722619795.194791,10.10.1.10:60022,0,1755,435,364,10.25
1722619795.260315,10.10.1.10:60022,0,1755,439,364,10.276
1722619795.326550,10.10.1.10:60022,0,1755,440,364,10.252
1722619795.392569,10.10.1.10:60022,0,1755,443,364,10.269
1722619795.458394,10.10.1.10:60022,0,1755,446,364,10.238
1722619795.524517,10.10.1.10:60022,0,1755,449,364,10.229
1722619795.590168,10.10.1.10:60022,0,1755,452,364,10.696
1722619795.657314,10.10.1.10:60022,0,1755,454,364,10.291
1722619795.723268,10.10.1.10:60022,0,1755,457,364,10.256
1722619795.796758,10.10.1.10:60022,0,1755,459,364,10.254
1722619795.862744,10.10.1.10:60022,0,1755,461,364,10.253
1722619795.928340,10.10.1.10:60022,0,1755,464,364,10.308
1722619795.994231,10.10.1.10:60022,0,1755,468,364,10.208
1722619796.059970,10.10.1.10:60022,0,1755,470,364,10.229
1722619796.125599,10.10.1.10:60022,0,1755,474,364,10.199
1722619796.191816,10.10.1.10:60022,0,1755,477,364,10.233
1722619796.257447,10.10.1.10:60022,0,1755,480,364,10.83
1722619796.323185,10.10.1.10:60022,0,1755,483,364,10.282
1722619796.388785,10.10.1.10:60022,0,1755,485,364,10.199
1722619796.462371,10.10.1.10:60022,0,1755,489,364,10.234
1722619796.528418,10.10.1.10:60022,0,1755,492,364,10.229
1722619796.594397,10.10.1.10:60022,0,1755,496,364,10.209
1722619796.660052,10.10.1.10:60022,0,1755,499,364,10.22
1722619796.733850,10.10.1.10:60022,0,1755,502,364,10.265
1722619796.799886,10.10.1.10:60022,0,1755,506,364,10.233
1722619796.865752,10.10.1.10:60022,0,1755,510,364,10.217
1722619796.931798,10.10.1.10:60022,0,1755,513,364,10.243
1722619796.997760,10.10.1.10:60022,0,1755,516,364,10.841
1722619797.063316,10.10.1.10:60022,0,1846,363,362,10.3
1722619797.128781,10.10.1.10:60022,0,1846,366,362,10.219
1722619797.195249,10.10.1.10:60022,0,1846,368,362,10.219
1722619797.261737,10.10.1.10:60022,0,1846,372,362,10.224
1722619797.328244,10.10.1.10:60022,0,1846,374,362,10.242
1722619797.402214,10.10.1.10:60022,0,1846,379,362,10.552
1722619797.467872,10.10.1.10:60022,0,1846,381,362,10.235
1722619797.541574,10.10.1.10:60022,0,1846,384,362,10.204
1722619797.608469,10.10.1.10:60022,0,1846,388,362,10.229
1722619797.674063,10.10.1.10:60022,0,1846,391,362,10.222
1722619797.740827,10.10.1.10:60022,0,1846,394,362,10.266
1722619797.806587,10.10.1.10:60022,0,1846,398,362,10.325
1722619797.880134,10.10.1.10:60022,0,1846,400,362,10.229
1722619797.946043,10.10.1.10:60022,0,1846,404,362,10.245
1722619798.012064,10.10.1.10:60022,0,1846,407,362,10.231
1722619798.077770,10.10.1.10:60022,0,1846,410,362,10.211
1722619798.143845,10.10.1.10:60022,0,1846,414,362,10.308
1722619798.216075,10.10.1.10:60022,0,1846,417,362,10.21
1722619798.289748,10.10.1.10:60022,0,1846,421,362,10.257
1722619798.356256,10.10.1.10:60022,0,1846,425,362,10.259
1722619798.430141,10.10.1.10:60022,0,1846,428,362,10.286
1722619798.503724,10.10.1.10:60022,0,1846,432,362,10.233
1722619798.570637,10.10.1.10:60022,0,1846,435,362,10.293
1722619798.636807,10.10.1.10:60022,0,1846,437,362,10.238
1722619798.702607,10.10.1.10:60022,0,1846,441,362,10.238
1722619798.776267,10.10.1.10:60022,0,1846,445,362,10.258
1722619798.842534,10.10.1.10:60022,0,1846,449,362,10.234
1722619798.909399,10.10.1.10:60022,0,1846,451,362,10.212
1722619798.982977,10.10.1.10:60022,0,1846,455,362,10.273
1722619799.049954,10.10.1.10:60022,0,1846,459,362,10.264
1722619799.116527,10.10.1.10:60022,0,1846,461,362,10.26
1722619799.190252,10.10.1.10:60022,0,1846,465,362,10.209
1722619799.256403,10.10.1.10:60022,0,1846,469,362,10.225
1722619799.321962,10.10.1.10:60022,0,1846,473,362,10.315
1722619799.395596,10.10.1.10:60022,0,1846,475,362,10.267
1722619799.462529,10.10.1.10:60022,0,1846,479,362,10.292
1722619799.528576,10.10.1.10:60022,0,1846,482,362,10.326
1722619799.594337,10.10.1.10:60022,0,1846,485,362,10.214
1722619799.668074,10.10.1.10:60022,0,1846,489,362,10.227
1722619799.741954,10.10.1.10:60022,0,1846,493,362,10.19
1722619799.808125,10.10.1.10:60022,0,1846,496,362,10.211
1722619799.881890,10.10.1.10:60022,0,1846,499,362,10.254
1722619799.955356,10.10.1.10:60022,0,1846,503,362,10.206
1722619800.020953,10.10.1.10:60022,0,1846,507,362,10.204
1722619800.086547,10.10.1.10:60022,0,1846,510,362,10.297
1722619800.153099,10.10.1.10:60022,0,1846,513,362,10.244
1722619800.219393,10.10.1.10:60022,0,1846,516,362,10.254
1722619800.285399,10.10.1.10:60022,0,1846,519,362,10.246
1722619800.359067,10.10.1.10:60022,0,1846,523,362,10.235
1722619800.424666,10.10.1.10:60022,0,1846,527,362,10.258
1722619800.490751,10.10.1.10:60022,0,1846,530,362,10.251
1722619800.557989,10.10.1.10:60022,0,1846,533,362,10.24
1722619800.631778,10.10.1.10:60022,0,1846,537,362,10.209
1722619800.699355,10.10.1.10:60022,0,1846,541,362,10.232
1722619800.772979,10.10.1.10:60022,0,1846,543,362,10.228
1722619800.838638,10.10.1.10:60022,0,1846,547,362,10.27
1722619800.904691,10.10.1.10:60022,0,1846,551,362,10.196
1722619800.978577,10.10.1.10:60022,25,1873,387,387,10.994
1722619801.052543,10.10.1.10:60022,0,1873,392,387,10.3
1722619801.118456,10.10.1.10:60022,0,1873,397,387,10.261
1722619801.184436,10.10.1.10:60022,0,1873,400,387,10.243
1722619801.258135,10.10.1.10:60022,0,1873,405,387,10.204
1722619801.332459,10.10.1.10:60022,0,1873,409,387,10.21
1722619801.406351,10.10.1.10:60022,0,1873,413,387,10.24
1722619801.472475,10.10.1.10:60022,0,1873,418,387,10.272
1722619801.538204,10.10.1.10:60022,0,1873,422,387,10.202
1722619801.605672,10.10.1.10:60022,0,1873,425,387,10.232
1722619801.671334,10.10.1.10:60022,0,1873,429,387,10.236
1722619801.736992,10.10.1.10:60022,0,1873,433,387,10.243
1722619801.803135,10.10.1.10:60022,0,1873,436,387,10.22
1722619801.868728,10.10.1.10:60022,0,1873,440,387,10.277
1722619801.934727,10.10.1.10:60022,0,1873,444,387,10.259
1722619802.000181,10.10.1.10:60022,0,1873,446,387,10.327
1722619802.066642,10.10.1.10:60022,0,1873,450,387,10.362
1722619802.133679,10.10.1.10:60022,0,1873,453,387,11.367
1722619802.207300,10.10.1.10:60022,0,1873,457,387,10.314
1722619802.274182,10.10.1.10:60022,0,1873,460,387,10.236
1722619802.339990,10.10.1.10:60022,0,1873,462,387,10.288
1722619802.405812,10.10.1.10:60022,0,1873,466,387,10.258
1722619802.472469,10.10.1.10:60022,0,1873,469,387,10.255
1722619802.538472,10.10.1.10:60022,0,1873,471,387,10.26
1722619802.605697,10.10.1.10:60022,0,1873,474,387,10.224
1722619802.679225,10.10.1.10:60022,0,1873,477,387,10.233
1722619802.745275,10.10.1.10:60022,0,1873,480,387,10.244
1722619802.818989,10.10.1.10:60022,0,1873,483,387,10.263
1722619802.884606,10.10.1.10:60022,0,1873,485,387,10.212
1722619802.950564,10.10.1.10:60022,0,1873,487,387,10.296
1722619803.016635,10.10.1.10:60022,0,1873,489,387,10.266
1722619803.082759,10.10.1.10:60022,0,1873,492,387,10.257
1722619803.148571,10.10.1.10:60022,0,1873,495,387,10.309
1722619803.214606,10.10.1.10:60022,0,1873,497,387,10.255
1722619803.280429,10.10.1.10:60022,0,1873,498,387,10.349
1722619803.346521,10.10.1.10:60022,0,1873,502,387,10.271
1722619803.412515,10.10.1.10:60022,0,1873,505,387,10.269
1722619803.486074,10.10.1.10:60022,0,1873,508,387,10.746
1722619803.551990,10.10.1.10:60022,0,1873,512,387,10.323
1722619803.626028,10.10.1.10:60022,0,1873,515,387,10.238
1722619803.691818,10.10.1.10:60022,0,1873,519,387,10.21
1722619803.757966,10.10.1.10:60022,0,1873,522,387,10.239
1722619803.823900,10.10.1.10:60022,0,1873,524,387,10.239
1722619803.890156,10.10.1.10:60022,0,1873,529,387,10.262
1722619803.959527,10.10.1.10:60022,0,1873,532,387,10.245
1722619804.033315,10.10.1.10:60022,0,1873,535,387,10.199
1722619804.113681,10.10.1.10:60022,0,1873,539,387,10.241
1722619804.182399,10.10.1.10:60022,0,1873,543,387,10.262
1722619804.249484,10.10.1.10:60022,0,1873,546,387,10.22
1722619804.318620,10.10.1.10:60022,0,1873,549,387,10.255
1722619804.386108,10.10.1.10:60022,0,1873,553,387,10.237
1722619804.454817,10.10.1.10:60022,0,1873,556,387,10.25
1722619804.528772,10.10.1.10:60022,0,1873,559,387,10.224
1722619804.597266,10.10.1.10:60022,0,1873,563,387,10.219
1722619804.666773,10.10.1.10:60022,0,1916,396,395,10.343
1722619804.733151,10.10.1.10:60022,0,1916,401,395,10.225
1722619804.806857,10.10.1.10:60022,0,1916,404,395,10.204
1722619804.872965,10.10.1.10:60022,0,1916,409,395,10.233
1722619804.938930,10.10.1.10:60022,0,1916,414,395,10.203
1722619805.005026,10.10.1.10:60022,0,1916,418,395,10.693
1722619805.070910,10.10.1.10:60022,0,1989,293,292,10.296
1722619805.144872,10.10.1.10:60022,0,1989,296,292,10.218
1722619805.210416,10.10.1.10:60022,0,1989,300,292,10.173
1722619805.276386,10.10.1.10:60022,0,1989,302,292,10.223
1722619805.350293,10.10.1.10:60022,0,1989,305,292,10.179
1722619805.416369,10.10.1.10:60022,0,1989,310,292,10.207
1722619805.482167,10.10.1.10:60022,0,1989,312,292,10.242
1722619805.548661,10.10.1.10:60022,0,1989,316,292,10.219
1722619805.615853,10.10.1.10:60022,0,1989,320,292,10.306
1722619805.689512,10.10.1.10:60022,0,1989,323,292,10.197
1722619805.754913,10.10.1.10:60022,0,1989,326,292,10.195
1722619805.821875,10.10.1.10:60022,0,1989,330,292,10.229
1722619805.889553,10.10.1.10:60022,0,1989,333,292,10.226
1722619805.955456,10.10.1.10:60022,0,1989,336,292,10.213
1722619806.022992,10.10.1.10:60022,0,1989,339,292,10.246
1722619806.096953,10.10.1.10:60022,0,1989,343,292,10.22
1722619806.164105,10.10.1.10:60022,0,1989,346,292,10.21
1722619806.230228,10.10.1.10:60022,0,1989,349,292,10.222
1722619806.298505,10.10.1.10:60022,0,1989,352,292,10.245
1722619806.364467,10.10.1.10:60022,0,1989,356,292,10.209
1722619806.432602,10.10.1.10:60022,0,1989,360,292,10.195
1722619806.506706,10.10.1.10:60022,0,1989,362,292,10.193
1722619806.572494,10.10.1.10:60022,0,1989,366,292,10.196
1722619806.646585,10.10.1.10:60022,0,1989,370,292,10.239
1722619806.712086,10.10.1.10:60022,0,1989,374,292,10.185
1722619806.786504,10.10.1.10:60022,0,1989,376,292,10.293
1722619806.852640,10.10.1.10:60022,0,1989,380,292,10.25
1722619806.926484,10.10.1.10:60022,0,1989,384,292,10.235
1722619806.993018,10.10.1.10:60022,0,1989,387,292,10.251
1722619807.059341,10.10.1.10:60022,0,1989,390,292,10.308
1722619807.125377,10.10.1.10:60022,0,1989,393,292,10.275
1722619807.191166,10.10.1.10:60022,0,1989,396,292,10.277
1722619807.257759,10.10.1.10:60022,0,1989,399,292,10.332
1722619807.331438,10.10.1.10:60022,0,1989,403,292,10.249
1722619807.398487,10.10.1.10:60022,0,1989,406,292,10.252
1722619807.464436,10.10.1.10:60022,0,1989,410,292,10.288
1722619807.531242,10.10.1.10:60022,0,1989,413,292,10.342
1722619807.597216,10.10.1.10:60022,0,1989,417,292,10.228
1722619807.663247,10.10.1.10:60022,0,1989,420,292,10.23
1722619807.729082,10.10.1.10:60022,0,1989,423,292,10.23
1722619807.796602,10.10.1.10:60022,0,1989,426,292,10.25
1722619807.862752,10.10.1.10:60022,0,1989,429,292,10.252
1722619807.936345,10.10.1.10:60022,0,1989,432,292,10.244
1722619808.010039,10.10.1.10:60022,0,1989,436,292,10.227
1722619808.083375,10.10.1.10:60022,0,1989,440,292,10.315
1722619808.157080,10.10.1.10:60022,0,1989,443,292,10.249
1722619808.230730,10.10.1.10:60022,0,1989,447,292,10.517
1722619808.296337,10.10.1.10:60022,0,1989,451,292,10.316
1722619808.369948,10.10.1.10:60022,0,1989,454,292,10.214
1722619808.435472,10.10.1.10:60022,0,1989,457,292,10.224
1722619808.509198,10.10.1.10:60022,0,1989,461,292,10.229
1722619808.575333,10.10.1.10:60022,0,1989,465,292,10.241
1722619808.641124,10.10.1.10:60022,0,1989,468,292,10.251
1722619808.706785,10.10.1.10:60022,0,1989,471,292,10.25
1722619808.780452,10.10.1.10:60022,0,1989,475,292,10.248
1722619808.846307,10.10.1.10:60022,0,1989,478,292,10.252
1722619808.919618,10.10.1.10:60022,0,1989,481,292,10.221
1722619808.986441,10.10.1.10:60022,0,1989,485,292,10.26
1722619809.059825,10.10.1.10:60022,0,1989,488,292,10.3
1722619809.126658,10.10.1.10:60022,0,1989,491,292,10.289
1722619809.200289,10.10.1.10:60022,0,1989,495,292,10.252
1722619809.267179,10.10.1.10:60022,0,1989,499,292,10.253
1722619809.340881,10.10.1.10:60022,0,1989,503,292,10.254
1722619809.407812,10.10.1.10:60022,0,1989,506,292,10.245
1722619809.473454,10.10.1.10:60022,0,1989,509,292,10.227
1722619809.547054,10.10.1.10:60022,0,1989,513,292,10.271
1722619809.614034,10.10.1.10:60022,0,1989,516,292,10.233
1722619809.679784,10.10.1.10:60022,0,1989,519,292,10.223
1722619809.745502,10.10.1.10:60022,0,1989,523,292,10.235
1722619809.812613,10.10.1.10:60022,0,1989,525,292,10.264
1722619809.886587,10.10.1.10:60022,0,1989,529,292,10.25
1722619809.952163,10.10.1.10:60022,0,1989,533,292,10.227
1722619810.018107,10.10.1.10:60022,0,1989,536,292,10.199
1722619810.085445,10.10.1.10:60022,0,1989,539,292,10.235
1722619810.151204,10.10.1.10:60022,0,1989,543,292,10.218
1722619810.224656,10.10.1.10:60022,0,1989,546,292,10.215
1722619810.298889,10.10.1.10:60022,0,1989,550,292,10.216
1722619810.372740,10.10.1.10:60022,0,1989,553,292,10.188
1722619810.446633,10.10.1.10:60022,0,1989,557,292,10.236
1722619810.520348,10.10.1.10:60022,0,1989,561,292,10.234
1722619810.587596,10.10.1.10:60022,0,1989,565,292,10.228
1722619810.653531,10.10.1.10:60022,0,1989,567,292,10.251
1722619810.720737,10.10.1.10:60022,0,1989,571,292,10.242
1722619810.786657,10.10.1.10:60022,0,1989,575,292,10.256
1722619810.852424,10.10.1.10:60022,0,1989,577,292,10.268
1722619810.918963,10.10.1.10:60022,0,1989,581,292,10.268
1722619810.992596,10.10.1.10:60022,0,1989,585,292,10.223
1722619811.066354,10.10.1.10:60022,0,1989,588,292,10.23
1722619811.132260,10.10.1.10:60022,0,1989,592,292,10.229
1722619811.205893,10.10.1.10:60022,0,1989,595,292,10.195
1722619811.273220,10.10.1.10:60022,0,1989,599,292,10.223
1722619811.346932,10.10.1.10:60022,0,1989,602,292,10.249
1722619811.412792,10.10.1.10:60022,0,1989,606,292,10.289
1722619811.487005,10.10.1.10:60022,0,1989,609,292,10.231
1722619811.552442,10.10.1.10:60022,0,1989,613,292,10.263
1722619811.618223,10.10.1.10:60022,0,1989,615,292,10.268
1722619811.684649,10.10.1.10:60022,0,1989,619,292,10.233
1722619811.750140,10.10.1.10:60022,0,1989,622,292,10.321
1722619811.815860,10.10.1.10:60022,0,1989,626,292,10.262
1722619811.889456,10.10.1.10:60022,0,1989,629,292,10.271
1722619811.956716,10.10.1.10:60022,0,1989,632,292,10.308
1722619812.030402,10.10.1.10:60022,0,1989,636,292,10.252
1722619812.096222,10.10.1.10:60022,0,1989,640,292,10.259
1722619812.169710,10.10.1.10:60022,0,1989,643,292,10.242
1722619812.237055,10.10.1.10:60022,0,1989,647,292,10.231
1722619812.302710,10.10.1.10:60022,0,1989,649,292,10.289
1722619812.368766,10.10.1.10:60022,0,1989,653,292,10.199
1722619812.442642,10.10.1.10:60022,0,1989,656,292,10.264
1722619812.509931,10.10.1.10:60022,0,1989,660,292,10.294
1722619812.575783,10.10.1.10:60022,0,1989,664,292,10.351
1722619812.643355,10.10.1.10:60022,0,1989,666,292,10.254
1722619812.709355,10.10.1.10:60022,0,1989,670,292,10.231
1722619812.777848,10.10.1.10:60022,0,1989,673,292,10.257
1722619812.844600,10.10.1.10:60022,0,1989,676,292,10.246
1722619812.909984,10.10.1.10:60014,,,10,,14.4
