1721607799.120044,10.10.1.10:57024,,,10,,10.208
1721607799.185446,10.10.1.10:57028,,,10,,10.186
1721607799.252005,10.10.1.10:57028,,,40,,10.188
1721607799.325909,10.10.1.10:57028,203,284,558,600,10.415
1721607799.393252,10.10.1.10:57028,0,284,602,596,10.245
1721607799.458913,10.10.1.10:57028,0,284,608,596,10.346
1721607799.526435,10.10.1.10:57028,0,284,613,596,10.299
1721607799.596579,10.10.1.10:57028,0,284,620,596,10.243
1721607799.662669,10.10.1.10:57028,0,284,625,596,10.24
1721607799.732732,10.10.1.10:57028,0,284,630,596,10.268
1721607799.799959,10.10.1.10:57028,0,284,636,596,10.307
1721607799.869156,10.10.1.10:57028,0,284,642,596,10.308
1721607799.943008,10.10.1.10:57028,0,284,647,596,10.206
1721607800.010409,10.10.1.10:57028,0,284,652,596,10.278
1721607800.076280,10.10.1.10:57028,0,284,657,596,10.292
1721607800.143725,10.10.1.10:57028,0,284,662,596,10.191
1721607800.209869,10.10.1.10:57028,0,284,668,596,10.185
1721607800.283480,10.10.1.10:57028,0,284,673,596,10.256
1721607800.353381,10.10.1.10:57028,0,284,677,596,10.263
1721607800.427174,10.10.1.10:57028,0,284,683,596,10.239
1721607800.496791,10.10.1.10:57028,0,284,687,596,10.232
1721607800.570281,10.10.1.10:57028,0,284,693,596,10.445
1721607800.639595,10.10.1.10:57028,0,284,697,596,10.259
1721607800.713341,10.10.1.10:57028,0,284,702,596,10.291
1721607800.783565,10.10.1.10:57028,0,284,706,596,10.288
1721607800.851441,10.10.1.10:57028,0,284,711,596,10.25
1721607800.940185,10.10.1.10:57028,0,284,715,596,10.291
1721607801.013910,10.10.1.10:57028,0,284,720,596,10.261
1721607801.079459,10.10.1.10:57028,0,284,724,596,10.249
1721607801.147167,10.10.1.10:57028,0,284,729,596,10.227
1721607801.213564,10.10.1.10:57028,0,284,731,596,10.261
1721607801.281298,10.10.1.10:57028,0,284,736,596,10.284
1721607801.347483,10.10.1.10:57028,0,284,739,596,10.279
1721607801.421300,10.10.1.10:57028,0,284,743,596,10.271
1721607801.486842,10.10.1.10:57028,0,284,746,596,10.31
1721607801.552475,10.10.1.10:57028,0,284,750,596,10.249
1721607801.618336,10.10.1.10:57028,0,284,753,596,10.255
1721607801.691537,10.10.1.10:57028,0,284,756,596,10.252
1721607801.757501,10.10.1.10:57028,0,284,760,596,10.21
1721607801.823232,10.10.1.10:57028,0,284,763,596,10.195
1721607801.889484,10.10.1.10:57028,0,284,766,596,10.195
1721607801.955253,10.10.1.10:57028,0,284,769,596,10.229
1721607802.022971,10.10.1.10:57028,0,284,772,596,10.22
1721607802.088633,10.10.1.10:57028,0,284,775,596,10.258
1721607802.156382,10.10.1.10:57028,0,284,777,596,10.191
1721607802.230305,10.10.1.10:57028,0,284,780,596,10.301
1721607802.298425,10.10.1.10:57028,0,284,783,596,10.232
1721607802.364014,10.10.1.10:57028,0,284,786,596,10.244
1721607802.431823,10.10.1.10:57028,0,284,788,596,10.283
1721607802.497871,10.10.1.10:57028,0,284,790,596,10.368
1721607802.572001,10.10.1.10:57028,0,284,793,596,10.198
1721607802.637766,10.10.1.10:57028,0,284,795,596,10.191
1721607802.711767,10.10.1.10:57028,0,284,798,596,10.189
1721607802.777553,10.10.1.10:57028,0,284,800,596,10.192
1721607802.851533,10.10.1.10:57028,0,284,803,596,10.197
1721607802.917228,10.10.1.10:57028,0,284,805,596,10.176
1721607802.983214,10.10.1.10:57028,0,284,807,596,10.196
1721607803.056885,10.10.1.10:57028,0,284,808,596,10.187
1721607803.124561,10.10.1.10:57028,0,284,811,596,10.236
1721607803.190637,10.10.1.10:57028,0,284,813,596,10.185
1721607803.256596,10.10.1.10:57028,0,284,815,596,10.202
1721607803.330330,10.10.1.10:57028,0,284,816,596,10.258
1721607803.396122,10.10.1.10:57028,0,284,818,596,10.217
1721607803.463846,10.10.1.10:57028,0,284,820,596,10.287
1721607803.529604,10.10.1.10:57028,0,284,822,596,10.253
1721607803.597554,10.10.1.10:57028,0,284,824,596,10.215
1721607803.671229,10.10.1.10:57028,0,284,825,596,10.238
1721607803.741913,10.10.1.10:57028,0,284,827,596,10.257
1721607803.815728,10.10.1.10:57028,0,284,828,596,10.328
1721607803.881589,10.10.1.10:57028,0,284,830,596,10.308
1721607803.949380,10.10.1.10:57028,0,284,831,596,10.276
1721607804.015238,10.10.1.10:57028,0,284,832,596,10.23
1721607804.080816,10.10.1.10:57028,0,284,834,596,10.544
1721607804.146674,10.10.1.10:57028,0,284,838,596,10.272
1721607804.217562,10.10.1.10:57028,0,284,841,596,10.253
1721607804.291573,10.10.1.10:57028,0,284,844,596,10.261
1721607804.357765,10.10.1.10:57028,0,284,848,596,10.27
1721607804.423567,10.10.1.10:57028,0,284,852,596,10.195
1721607804.489698,10.10.1.10:57028,0,284,855,596,10.202
1721607804.563447,10.10.1.10:57028,0,284,859,596,10.264
1721607804.629120,10.10.1.10:57028,0,284,863,596,10.296
1721607804.700534,10.10.1.10:57028,0,284,865,596,10.303
1721607804.766309,10.10.1.10:57028,0,284,869,596,10.29
1721607804.837755,10.10.1.10:57028,0,284,873,596,10.253
1721607804.904805,10.10.1.10:57028,0,284,876,596,10.302
1721607804.973159,10.10.1.10:57028,0,284,879,596,10.397
1721607805.046727,10.10.1.10:57028,0,284,883,596,10.267
1721607805.112158,10.10.1.10:57028,0,284,887,596,10.266
1721607805.180590,10.10.1.10:57028,0,284,890,596,10.283
1721607805.246525,10.10.1.10:57028,0,284,893,596,10.255
1721607805.314626,10.10.1.10:57028,0,284,897,596,10.424
1721607805.380294,10.10.1.10:57028,0,284,900,596,10.269
1721607805.448061,10.10.1.10:57028,0,284,904,596,10.418
1721607805.513868,10.10.1.10:57028,0,284,907,596,10.255
1721607805.581849,10.10.1.10:57028,0,284,910,596,10.434
1721607805.652706,10.10.1.10:57028,0,284,914,596,10.518
1721607805.718548,10.10.1.10:57028,0,284,917,596,10.619
1721607805.784718,10.10.1.10:57028,0,284,920,596,10.804
1721607805.850347,10.10.1.10:57028,0,284,924,596,10.805
1721607805.924642,10.10.1.10:57028,0,284,927,596,10.74
1721607805.990687,10.10.1.10:57028,0,284,931,596,10.866
1721607806.056550,10.10.1.10:57028,0,284,934,596,10.883
1721607806.130368,10.10.1.10:57028,0,284,937,596,10.864
1721607806.198813,10.10.1.10:57028,0,284,941,596,10.923
1721607806.272591,10.10.1.10:57028,0,284,944,596,10.9
1721607806.340535,10.10.1.10:57028,0,284,947,596,11.097
1721607806.406324,10.10.1.10:57028,0,284,951,596,11.146
1721607806.474240,10.10.1.10:57028,0,284,954,596,11.168
1721607806.540225,10.10.1.10:57028,0,284,957,596,11.167
1721607806.614358,10.10.1.10:57028,0,284,960,596,11.155
1721607806.688216,10.10.1.10:57028,0,284,963,596,11.202
1721607806.758921,10.10.1.10:57028,0,284,967,596,11.364
1721607806.826852,10.10.1.10:57028,0,284,971,596,11.277
1721607806.892537,10.10.1.10:57028,0,284,974,596,11.389
1721607806.960604,10.10.1.10:57028,0,284,976,596,11.391
1721607807.026087,10.10.1.10:57028,0,284,980,596,11.393
1721607807.093855,10.10.1.10:57028,0,284,983,596,11.42
1721607807.167651,10.10.1.10:57028,0,284,986,596,11.483
1721607807.233239,10.10.1.10:57028,0,285,693,691,10.24
1721607807.298996,10.10.1.10:57028,0,285,700,691,10.269
1721607807.364670,10.10.1.10:57028,0,285,706,691,10.205
1721607807.438814,10.10.1.10:57028,0,285,712,691,10.321
1721607807.504302,10.10.1.10:57028,0,285,719,691,10.223
1721607807.574326,10.10.1.10:57028,0,285,725,691,10.258
1721607807.640070,10.10.1.10:57028,0,285,731,691,10.264
1721607807.707893,10.10.1.10:57028,0,285,737,691,10.226
1721607807.773526,10.10.1.10:57028,0,285,743,691,10.234
1721607807.841049,10.10.1.10:57028,0,285,749,691,10.412
1721607807.907094,10.10.1.10:57028,0,285,754,691,10.248
1721607807.985009,10.10.1.10:57028,0,285,760,691,10.187
1721607808.051280,10.10.1.10:57028,0,285,766,691,10.296
1721607808.116894,10.10.1.10:57028,0,285,772,691,10.208
1721607808.183265,10.10.1.10:57028,0,285,777,691,10.257
1721607808.257472,10.10.1.10:57028,0,285,782,691,10.223
1721607808.323082,10.10.1.10:57028,0,285,788,691,10.332
1721607808.388782,10.10.1.10:57028,0,285,793,691,10.414
1721607808.454451,10.10.1.10:57028,0,285,798,691,10.188
1721607808.522418,10.10.1.10:57028,0,285,801,691,10.186
1721607808.588582,10.10.1.10:57028,0,285,807,691,10.228
1721607808.656301,10.10.1.10:57028,0,285,812,691,10.268
1721607808.727042,10.10.1.10:57028,0,285,816,691,10.221
1721607808.793331,10.10.1.10:57028,0,285,821,691,10.295
1721607808.866872,10.10.1.10:57028,0,285,826,691,10.241
1721607808.933232,10.10.1.10:57028,0,285,830,691,10.249
1721607808.999061,10.10.1.10:57028,0,285,835,691,10.296
1721607809.066999,10.10.1.10:57028,0,285,839,691,10.196
1721607809.132637,10.10.1.10:57028,0,285,842,691,10.18
1721607809.200666,10.10.1.10:57028,0,285,847,691,10.184
1721607809.271599,10.10.1.10:57028,0,285,851,691,10.312
1721607809.337202,10.10.1.10:57028,0,285,855,691,10.519
1721607809.402860,10.10.1.10:57028,0,285,858,691,10.212
1721607809.470850,10.10.1.10:57028,0,285,862,691,10.265
1721607809.536673,10.10.1.10:57028,0,285,866,691,10.266
1721607809.610529,10.10.1.10:57028,0,285,869,691,10.343
1721607809.684157,10.10.1.10:57028,0,285,873,691,10.262
1721607809.749802,10.10.1.10:57028,0,285,878,691,10.467
1721607809.817185,10.10.1.10:57028,0,285,881,691,10.267
1721607809.887182,10.10.1.10:57028,0,861,617,617,10.123
1721607809.953075,10.10.1.10:57028,0,945,434,432,10.359
1721607810.021784,10.10.1.10:57028,0,945,437,432,10.38
1721607810.087300,10.10.1.10:57028,0,945,440,432,10.365
1721607810.155939,10.10.1.10:57028,0,945,443,432,10.271
1721607810.221619,10.10.1.10:57028,0,945,446,432,10.313
1721607810.287282,10.10.1.10:57028,0,945,449,432,10.28
1721607810.356086,10.10.1.10:57028,0,945,453,432,10.286
1721607810.431427,10.10.1.10:57028,0,945,456,432,10.291
1721607810.500286,10.10.1.10:57028,0,945,459,432,10.273
1721607810.565827,10.10.1.10:57028,0,945,463,432,10.311
1721607810.634820,10.10.1.10:57028,0,945,467,432,10.287
1721607810.700426,10.10.1.10:57028,0,945,470,432,10.253
1721607810.768927,10.10.1.10:57028,0,945,473,432,10.285
1721607810.842350,10.10.1.10:57028,0,945,477,432,10.265
1721607810.910812,10.10.1.10:57028,0,945,480,432,10.22
1721607810.976348,10.10.1.10:57028,0,945,483,432,10.285
1721607811.060855,10.10.1.10:57028,0,945,487,432,10.278
1721607811.130469,10.10.1.10:57028,0,945,491,432,10.281
1721607811.196460,10.10.1.10:57028,0,945,494,432,10.267
1721607811.281004,10.10.1.10:57028,0,945,497,432,10.296
1721607811.346752,10.10.1.10:57028,0,945,501,432,10.223
1721607811.412945,10.10.1.10:57028,0,945,505,432,10.268
1721607811.478310,10.10.1.10:57028,0,945,509,432,10.276
1721607811.551775,10.10.1.10:57028,0,945,511,432,10.25
1721607811.617300,10.10.1.10:57028,0,945,515,432,10.283
1721607811.685657,10.10.1.10:57028,39,1100,358,362,10.44
1721607811.751240,10.10.1.10:57028,0,1100,365,362,10.3
1721607811.819155,10.10.1.10:57028,0,1100,367,362,10.298
1721607811.892598,10.10.1.10:57028,0,1100,370,362,10.228
1721607811.973590,10.10.1.10:57028,0,1100,374,362,10.277
1721607812.039592,10.10.1.10:57028,0,1100,378,362,10.291
1721607812.107583,10.10.1.10:57028,0,1100,381,362,10.279
1721607812.173258,10.10.1.10:57028,0,1100,385,362,10.251
1721607812.241441,10.10.1.10:57028,0,1100,387,362,10.274
1721607812.307019,10.10.1.10:57028,0,1100,391,362,10.34
1721607812.375334,10.10.1.10:57028,0,1100,394,362,10.281
1721607812.440891,10.10.1.10:57028,0,1100,397,362,10.27
1721607812.514844,10.10.1.10:57028,0,1100,401,362,10.251
1721607812.580172,10.10.1.10:57028,0,1100,405,362,10.295
1721607812.647512,10.10.1.10:57028,0,1262,284,284,10.289
1721607812.713070,10.10.1.10:57028,0,1262,286,284,10.277
1721607812.780246,10.10.1.10:57028,0,1262,290,284,10.261
1721607812.845730,10.10.1.10:57028,0,1262,293,284,10.306
1721607812.926349,10.10.1.10:57028,0,1262,296,284,10.279
1721607812.994686,10.10.1.10:57028,0,1262,300,284,10.335
1721607813.067761,10.10.1.10:57028,0,1262,303,284,10.245
1721607813.133365,10.10.1.10:57028,0,1262,307,284,10.267
1721607813.206938,10.10.1.10:57028,0,1262,310,284,10.207
1721607813.272551,10.10.1.10:57028,0,1297,219,218,10.206
1721607813.339393,10.10.1.10:57028,0,1327,155,154,10.182
1721607813.404965,10.10.1.10:57028,0,1327,156,154,10.295
1721607813.470774,10.10.1.10:57028,0,1327,161,154,10.206
1721607813.544731,10.10.1.10:57028,0,1327,163,154,10.192
1721607813.610581,10.10.1.10:57028,0,1327,167,154,10.185
1721607813.676092,10.10.1.10:57028,0,1327,171,154,10.172
1721607813.741812,10.10.1.10:57028,0,1327,174,154,10.164
1721607813.815450,10.10.1.10:57028,0,1327,178,154,10.167
1721607813.889178,10.10.1.10:57028,0,1327,181,154,10.208
1721607813.962803,10.10.1.10:57028,0,1327,185,154,10.164
1721607814.036265,10.10.1.10:57028,0,1327,189,154,10.181
1721607814.113040,10.10.1.10:57028,0,1327,192,154,10.182
1721607814.186555,10.10.1.10:57028,0,1327,196,154,10.175
1721607814.252499,10.10.1.10:57028,0,1327,200,154,10.154
1721607814.326110,10.10.1.10:57028,0,1327,204,154,10.15
1721607814.399368,10.10.1.10:57028,0,1327,207,154,10.174
1721607814.466530,10.10.1.10:57028,0,1327,210,154,10.303
1721607814.536448,10.10.1.10:57028,0,1327,214,154,10.749
1721607814.603692,10.10.1.10:57028,0,1327,217,154,10.297
1721607814.674685,10.10.1.10:57028,0,1327,221,154,10.201
1721607814.748654,10.10.1.10:57028,0,1327,224,154,10.172
1721607814.826937,10.10.1.10:57028,0,1327,228,154,10.163
1721607814.900562,10.10.1.10:57028,0,1327,232,154,10.213
1721607814.965901,10.10.1.10:57028,0,1327,235,154,10.17
1721607815.039554,10.10.1.10:57028,0,1327,239,154,10.243
1721607815.105128,10.10.1.10:57028,0,1327,243,154,10.578
1721607815.178807,10.10.1.10:57028,0,1327,245,154,10.329
1721607815.244309,10.10.1.10:57028,0,1327,249,154,10.219
1721607815.309814,10.10.1.10:57028,0,1327,253,154,10.191
1721607815.383909,10.10.1.10:57028,0,1327,255,154,10.193
1721607815.449415,10.10.1.10:57028,0,1327,259,154,10.164
1721607815.523052,10.10.1.10:57028,0,1327,263,154,10.194
1721607815.593599,10.10.1.10:57028,0,1327,267,154,10.171
1721607815.659312,10.10.1.10:57028,0,1327,269,154,10.16
1721607815.726803,10.10.1.10:57028,0,1327,273,154,10.204
1721607815.793948,10.10.1.10:57028,0,1327,276,154,10.225
1721607815.864080,10.10.1.10:57028,0,1327,280,154,10.224
1721607815.937908,10.10.1.10:57028,0,1327,284,154,10.231
1721607816.004116,10.10.1.10:57028,0,1327,287,154,10.251
1721607816.071259,10.10.1.10:57028,0,1327,290,154,10.236
1721607816.145116,10.10.1.10:57028,0,1327,293,154,10.354
1721607816.210766,10.10.1.10:57028,0,1327,297,154,10.334
1721607816.284510,10.10.1.10:57028,0,1327,300,154,10.174
1721607816.350155,10.10.1.10:57028,0,1327,304,154,10.172
1721607816.417549,10.10.1.10:57028,0,1327,307,154,10.191
1721607816.491551,10.10.1.10:57028,0,1327,310,154,10.201
1721607816.557394,10.10.1.10:57028,0,1327,314,154,10.21
1721607816.625440,10.10.1.10:57028,0,1327,317,154,10.283
1721607816.691603,10.10.1.10:57028,0,1327,321,154,10.271
1721607816.759158,10.10.1.10:57028,0,1327,324,154,10.234
1721607816.833075,10.10.1.10:57028,0,1327,327,154,10.221
1721607816.901333,10.10.1.10:57028,0,1327,331,154,10.233
1721607816.975324,10.10.1.10:57028,0,1327,334,154,10.258
1721607817.046518,10.10.1.10:57028,0,1327,337,154,10.265
1721607817.114015,10.10.1.10:57028,0,1327,341,154,10.258
1721607817.188040,10.10.1.10:57028,0,1327,345,154,10.252
1721607817.256111,10.10.1.10:57028,0,1327,348,154,10.261
1721607817.321950,10.10.1.10:57028,0,1327,351,154,10.204
1721607817.389553,10.10.1.10:57028,0,1327,355,154,10.213
1721607817.463008,10.10.1.10:57028,0,1327,358,154,10.199
1721607817.530144,10.10.1.10:57028,0,1441,253,252,10.223
1721607817.595382,10.10.1.10:57028,0,1441,256,252,10.179
1721607817.668887,10.10.1.10:57028,0,1441,260,252,10.174
1721607817.734848,10.10.1.10:57028,0,1441,264,252,10.17
1721607817.801587,10.10.1.10:57028,0,1511,186,185,10.171
1721607817.867029,10.10.1.10:57028,0,1511,188,185,10.183
1721607817.932736,10.10.1.10:57028,0,1511,191,185,10.282
1721607817.998213,10.10.1.10:57028,0,1511,194,185,10.2
1721607818.067936,10.10.1.10:57028,0,1511,198,185,10.169
1721607818.135165,10.10.1.10:57028,0,1511,201,185,10.178
1721607818.206219,10.10.1.10:57028,0,1511,204,185,10.187
1721607818.274886,10.10.1.10:57028,0,1511,209,185,10.184
1721607818.341458,10.10.1.10:57028,0,1511,212,185,10.276
1721607818.412162,10.10.1.10:57028,0,1511,215,185,10.182
1721607818.479132,10.10.1.10:57028,0,1511,218,185,10.219
1721607818.553109,10.10.1.10:57028,0,1511,221,185,10.251
1721607818.622970,10.10.1.10:57028,0,1511,225,185,10.189
1721607818.690517,10.10.1.10:57028,0,1511,228,185,10.208
1721607818.755689,10.10.1.10:57028,0,1511,232,185,10.282
1721607818.834406,10.10.1.10:57028,0,1511,235,185,10.214
1721607818.899836,10.10.1.10:57028,0,1511,239,185,10.219
1721607818.977592,10.10.1.10:57028,0,1511,242,185,10.218
1721607819.051324,10.10.1.10:57028,0,1511,246,185,10.475
1721607819.122713,10.10.1.10:57028,0,1511,249,185,10.265
1721607819.193955,10.10.1.10:57028,0,1511,253,185,10.216
1721607819.259475,10.10.1.10:57028,0,1511,257,185,10.213
1721607819.333254,10.10.1.10:57028,0,1511,260,185,10.18
1721607819.399277,10.10.1.10:57028,0,1511,263,185,10.26
1721607819.473524,10.10.1.10:57028,0,1511,267,185,10.24
1721607819.544648,10.10.1.10:57028,0,1511,271,185,10.228
1721607819.615316,10.10.1.10:57028,0,1511,274,185,10.261
1721607819.681430,10.10.1.10:57028,0,1511,278,185,10.18
1721607819.749026,10.10.1.10:57028,0,1511,281,185,10.237
1721607819.815042,10.10.1.10:57028,0,1511,284,185,10.266
1721607819.882446,10.10.1.10:57028,0,1511,288,185,10.236
1721607819.948166,10.10.1.10:57028,0,1511,290,185,10.247
1721607820.015356,10.10.1.10:57028,0,1511,294,185,10.277
1721607820.080935,10.10.1.10:57028,0,1511,298,185,10.428
1721607820.153591,10.10.1.10:57028,0,1511,300,185,10.242
1721607820.227600,10.10.1.10:57028,0,1511,304,185,10.178
1721607820.307936,10.10.1.10:57028,0,1511,308,185,10.188
1721607820.373701,10.10.1.10:57028,0,1511,312,185,10.242
1721607820.441351,10.10.1.10:57028,0,1511,316,185,10.22
1721607820.507183,10.10.1.10:57028,0,1511,319,185,10.298
1721607820.581267,10.10.1.10:57028,0,1511,322,185,10.219
1721607820.647664,10.10.1.10:57028,0,1511,326,185,10.246
1721607820.714847,10.10.1.10:57028,0,1511,329,185,10.211
1721607820.782339,10.10.1.10:57028,0,1511,332,185,10.253
1721607820.861648,10.10.1.10:57028,0,1511,336,185,10.261
1721607820.935592,10.10.1.10:57028,0,1511,340,185,10.267
1721607821.006935,10.10.1.10:57028,0,1511,343,185,10.276
1721607821.080900,10.10.1.10:57028,0,1511,346,185,10.257
1721607821.146747,10.10.1.10:57028,0,1511,350,185,10.33
1721607821.214847,10.10.1.10:57028,0,1511,353,185,10.272
1721607821.282886,10.10.1.10:57028,0,1511,356,185,10.263
1721607821.350689,10.10.1.10:57028,0,1511,360,185,10.29
1721607821.423748,10.10.1.10:57028,0,1511,363,185,10.247
1721607821.492135,10.10.1.10:57028,0,1511,367,185,10.265
1721607821.566258,10.10.1.10:57028,0,1511,370,185,10.282
1721607821.632090,10.10.1.10:57028,0,1511,374,185,10.267
1721607821.698097,10.10.1.10:57028,0,1511,378,185,10.248
1721607821.763501,10.10.1.10:57028,0,1579,266,265,10.257
1721607821.831247,10.10.1.10:57028,0,1579,269,265,10.28
1721607821.898359,10.10.1.10:57028,0,1579,273,265,10.233
1721607821.963748,10.10.1.10:57028,0,1579,277,265,10.315
1721607822.037583,10.10.1.10:57028,0,1579,279,265,10.241
1721607822.103354,10.10.1.10:57028,0,1579,283,265,10.221
1721607822.169028,10.10.1.10:57028,0,1665,200,199,10.233
1721607822.242719,10.10.1.10:57028,0,1665,201,199,10.201
1721607822.316422,10.10.1.10:57028,0,1665,205,199,10.169
1721607822.381875,10.10.1.10:57028,0,1665,209,199,10.166
1721607822.455391,10.10.1.10:57028,0,1665,213,199,10.156
1721607822.522629,10.10.1.10:57028,0,1665,215,199,10.203
1721607822.596458,10.10.1.10:57028,0,1665,219,199,10.16
1721607822.662265,10.10.1.10:57028,0,1665,223,199,10.173
1721607822.727723,10.10.1.10:57028,0,1665,226,199,10.508
1721607822.801315,10.10.1.10:57028,0,1665,230,199,10.183
1721607822.879319,10.10.1.10:57028,0,1690,162,161,10.145
1721607822.944848,10.10.1.10:57028,0,1690,165,161,10.22
1721607823.022903,10.10.1.10:57028,0,1690,169,161,10.156
1721607823.092013,10.10.1.10:57028,0,1690,171,161,10.184
1721607823.165868,10.10.1.10:57028,0,1690,176,161,10.202
1721607823.235470,10.10.1.10:57028,0,1690,179,161,10.307
1721607823.302075,10.10.1.10:57028,0,1690,182,161,10.414
1721607823.375784,10.10.1.10:57028,0,1690,186,161,10.158
1721607823.442946,10.10.1.10:57028,0,1690,190,161,10.152
1721607823.509970,10.10.1.10:57028,0,1690,193,161,10.168
1721607823.575281,10.10.1.10:57028,0,1690,196,161,10.157
1721607823.641859,10.10.1.10:57028,0,1690,200,161,10.168
1721607823.715453,10.10.1.10:57028,0,1690,202,161,10.166
1721607823.793121,10.10.1.10:57028,0,1690,207,161,10.192
1721607823.858608,10.10.1.10:57028,0,1690,211,161,10.186
1721607823.924732,10.10.1.10:57028,0,1690,213,161,10.314
1721607823.990295,10.10.1.10:57028,0,1690,217,161,10.251
1721607824.057467,10.10.1.10:57028,0,1690,221,161,10.247
1721607824.123055,10.10.1.10:57028,0,1690,224,161,10.208
1721607824.189013,10.10.1.10:57028,0,1690,227,161,10.273
1721607824.259055,10.10.1.10:57028,0,1690,230,161,10.173
1721607824.326458,10.10.1.10:57028,0,1690,234,161,10.259
1721607824.392136,10.10.1.10:57028,0,1690,238,161,10.453
1721607824.470529,10.10.1.10:57028,0,1690,240,161,10.286
1721607824.537743,10.10.1.10:57028,0,1690,244,161,10.217
1721607824.611321,10.10.1.10:57028,0,1690,248,161,10.215
1721607824.676807,10.10.1.10:57028,0,1690,251,161,10.15
1721607824.744366,10.10.1.10:57028,0,1690,254,161,10.259
1721607824.810095,10.10.1.10:57028,0,1690,258,161,10.174
1721607824.877896,10.10.1.10:57028,0,1690,261,161,10.236
1721607824.943585,10.10.1.10:57028,0,1690,265,161,10.2
1721607825.023020,10.10.1.10:57028,0,1690,268,161,10.263
1721607825.096774,10.10.1.10:57028,0,1690,272,161,10.275
1721607825.162982,10.10.1.10:57028,0,1690,275,161,10.266
1721607825.233511,10.10.1.10:57028,0,1690,279,161,10.235
1721607825.300767,10.10.1.10:57028,0,1690,282,161,10.248
1721607825.374879,10.10.1.10:57028,0,1690,285,161,10.416
1721607825.442400,10.10.1.10:57028,0,1690,289,161,10.371
1721607825.516149,10.10.1.10:57028,0,1690,293,161,10.315
1721607825.583810,10.10.1.10:57028,0,1690,296,161,10.285
1721607825.649427,10.10.1.10:57028,0,1690,299,161,10.188
1721607825.717170,10.10.1.10:57028,0,1690,303,161,10.194
1721607825.782959,10.10.1.10:57028,0,1690,305,161,10.201
1721607825.850582,10.10.1.10:57028,0,1690,309,161,10.247
1721607825.916335,10.10.1.10:57028,0,1690,312,161,10.207
1721607825.983948,10.10.1.10:57028,0,1690,316,161,10.265
1721607826.057669,10.10.1.10:57028,0,1690,320,161,10.235
1721607826.137048,10.10.1.10:57028,0,1690,323,161,10.233
1721607826.204631,10.10.1.10:57028,0,1690,327,161,10.253
1721607826.270475,10.10.1.10:57028,0,1690,331,161,10.234
1721607826.337838,10.10.1.10:57028,0,1690,334,161,10.251
1721607826.403787,10.10.1.10:57028,0,1690,337,161,10.285
1721607826.471208,10.10.1.10:57028,0,1690,341,161,10.264
1721607826.538731,10.10.1.10:57028,0,1690,343,161,10.321
1721607826.612449,10.10.1.10:57028,0,1690,347,161,10.238
1721607826.686150,10.10.1.10:57028,0,1690,351,161,10.159
1721607826.765388,10.10.1.10:57028,0,1690,354,161,10.198
1721607826.832834,10.10.1.10:57028,0,1690,357,161,10.405
1721607826.900250,10.10.1.10:57028,0,1690,362,161,10.192
1721607826.966693,10.10.1.10:57028,0,1690,365,161,10.26
1721607827.034147,10.10.1.10:57028,0,1690,368,161,10.262
1721607827.099623,10.10.1.10:57028,0,1690,372,161,10.212
1721607827.167598,10.10.1.10:57028,0,1690,375,161,10.259
1721607827.241900,10.10.1.10:57028,0,1690,378,161,10.251
1721607827.308244,10.10.1.10:57028,0,1690,382,161,10.242
1721607827.376156,10.10.1.10:57028,0,1690,385,161,10.225
1721607827.441513,10.10.1.10:57028,0,1690,388,161,10.281
1721607827.515133,10.10.1.10:57028,0,1690,392,161,10.274
1721607827.588747,10.10.1.10:57028,0,1690,395,161,10.268
1721607827.656510,10.10.1.10:57028,0,1690,399,161,10.212
1721607827.722360,10.10.1.10:57028,0,1690,401,161,10.241
1721607827.790267,10.10.1.10:57028,0,1690,406,161,10.195
1721607827.863965,10.10.1.10:57028,0,1690,409,161,10.278
1721607827.935949,10.10.1.10:57028,0,1690,412,161,10.211
1721607828.001687,10.10.1.10:57028,0,1690,416,161,10.28
1721607828.067538,10.10.1.10:57028,0,1690,420,161,10.263
1721607828.133459,10.10.1.10:57028,0,1690,422,161,10.243
1721607828.207169,10.10.1.10:57028,0,1690,426,161,10.316
1721607828.275028,10.10.1.10:57028,0,1690,430,161,10.258
1721607828.348665,10.10.1.10:57028,0,1690,433,161,10.49
1721607828.428641,10.10.1.10:57028,0,1690,435,161,10.278
1721607828.502859,10.10.1.10:57028,0,1690,439,161,10.549
1721607828.578801,10.10.1.10:57028,0,1690,443,161,10.206
1721607828.644352,10.10.1.10:57028,0,1690,448,161,10.387
1721607828.710048,10.10.1.10:57028,0,1690,450,161,10.203
1721607828.778080,10.10.1.10:57028,0,1690,454,161,10.175
1721607828.843605,10.10.1.10:57028,0,1690,458,161,10.239
1721607828.911520,10.10.1.10:57028,0,1690,460,161,10.222
1721607828.985165,10.10.1.10:57028,0,1690,464,161,10.268
1721607829.058741,10.10.1.10:57028,0,1690,468,161,10.237
1721607829.131140,10.10.1.10:57028,0,1690,472,161,10.292
1721607829.205186,10.10.1.10:57028,0,1690,475,161,10.431
1721607829.278506,10.10.1.10:57028,0,1690,478,161,10.248
1721607829.346925,10.10.1.10:57028,0,1690,482,161,10.344
1721607829.420941,10.10.1.10:57028,0,1690,486,161,10.269
1721607829.486628,10.10.1.10:57028,0,1690,490,161,10.225
1721607829.555760,10.10.1.10:57028,0,1690,493,161,10.273
1721607829.626366,10.10.1.10:57028,0,1690,496,161,10.235
1721607829.692076,10.10.1.10:57028,0,1690,500,161,10.222
1721607829.767699,10.10.1.10:57028,0,1690,503,161,10.241
1721607829.833336,10.10.1.10:57028,0,1690,507,161,10.264
1721607829.907144,10.10.1.10:57028,0,1690,510,161,10.258
1721607829.990474,10.10.1.10:57028,0,1690,514,161,10.278
1721607830.064265,10.10.1.10:57028,0,1690,518,161,10.251
1721607830.139331,10.10.1.10:57028,0,1690,522,161,10.277
1721607830.208348,10.10.1.10:57028,0,1690,525,161,10.277
1721607830.282530,10.10.1.10:57028,0,1690,528,161,10.307
1721607830.352256,10.10.1.10:57028,0,1690,532,161,10.289
1721607830.426844,10.10.1.10:57028,0,1690,536,161,10.265
1721607830.510874,10.10.1.10:57028,0,1690,540,161,10.26
1721607830.580397,10.10.1.10:57028,0,1690,544,161,10.259
1721607830.646079,10.10.1.10:57028,0,1690,547,161,10.271
1721607830.715086,10.10.1.10:57028,0,1690,550,161,10.24
1721607830.784258,10.10.1.10:57028,0,1690,554,161,10.27
1721607830.857943,10.10.1.10:57028,0,1690,557,161,10.247
1721607830.923539,10.10.1.10:57028,0,1690,561,161,10.273
1721607830.997430,10.10.1.10:57028,0,1690,564,161,10.249
1721607831.063592,10.10.1.10:57028,0,1957,397,397,10.612
1721607831.131374,10.10.1.10:57028,0,1957,401,397,10.232
1721607831.197009,10.10.1.10:57028,0,1957,407,397,10.239
1721607831.276980,10.10.1.10:57028,0,1957,410,397,10.251
1721607831.345213,10.10.1.10:57028,0,1957,416,397,10.315
1721607831.417613,10.10.1.10:57028,0,1957,419,397,10.291
1721607831.491360,10.10.1.10:57028,0,1957,424,397,10.289
1721607831.571673,10.10.1.10:57028,0,1957,429,397,10.272
1721607831.645551,10.10.1.10:57028,0,1957,433,397,10.297
1721607831.719062,10.10.1.10:57028,0,2128,304,303,10.386
1721607831.784865,10.10.1.10:57028,0,2128,307,303,10.21
1721607831.857058,10.10.1.10:57028,0,2128,310,303,10.222
1721607831.923116,10.10.1.10:57028,0,2128,313,303,10.228
1721607831.997041,10.10.1.10:57028,0,2128,317,303,10.223
1721607832.066232,10.10.1.10:57028,0,2128,321,303,10.26
1721607832.139650,10.10.1.10:57028,0,2128,324,303,10.266
1721607832.207677,10.10.1.10:57028,0,2128,327,303,10.244
1721607832.278579,10.10.1.10:57028,0,2128,331,303,10.561
1721607832.344689,10.10.1.10:57028,0,2128,334,303,10.288
1721607832.410163,10.10.1.10:57028,0,2128,337,303,10.226
1721607832.477515,10.10.1.10:57028,0,2128,341,303,10.261
1721607832.543456,10.10.1.10:57028,0,2128,344,303,10.254
1721607832.610556,10.10.1.10:57028,0,2151,242,241,10.189
1721607832.676099,10.10.1.10:57028,0,2151,244,241,10.254
1721607832.743258,10.10.1.10:57028,0,2151,247,241,10.398
1721607832.810202,10.10.1.10:57028,0,2151,250,241,10.202
1721607832.883657,10.10.1.10:57028,0,2151,253,241,10.208
1721607832.951050,10.10.1.10:57028,0,2151,257,241,10.156
1721607833.016538,10.10.1.10:57028,0,2151,261,241,10.175
1721607833.082541,10.10.1.10:57028,0,2151,263,241,10.232
1721607833.149448,10.10.1.10:57028,0,2151,267,241,10.191
1721607833.215347,10.10.1.10:57028,0,2151,271,241,10.191
1721607833.282700,10.10.1.10:57028,0,2151,273,241,10.213
1721607833.356240,10.10.1.10:57028,0,2151,277,241,10.214
1721607833.423370,10.10.1.10:57028,0,2151,281,241,10.195
1721607833.497247,10.10.1.10:57028,0,2151,283,241,10.298
1721607833.563356,10.10.1.10:57028,0,2151,288,241,10.239
1721607833.637502,10.10.1.10:57028,0,2151,291,241,10.261
1721607833.703018,10.10.1.10:57028,0,2151,293,241,10.281
1721607833.768740,10.10.1.10:57028,0,2151,297,241,10.288
1721607833.836760,10.10.1.10:57028,0,2151,301,241,10.214
1721607833.902833,10.10.1.10:57028,0,2151,303,241,10.279
1721607833.970896,10.10.1.10:57028,0,2151,307,241,10.233
1721607834.044538,10.10.1.10:57028,0,2151,311,241,10.279
1721607834.112140,10.10.1.10:57028,0,2151,314,241,10.277
1721607834.184707,10.10.1.10:57028,0,2151,318,241,10.281
1721607834.252921,10.10.1.10:57028,0,2151,322,241,10.252
1721607834.326648,10.10.1.10:57028,0,2151,324,241,10.254
1721607834.395122,10.10.1.10:57028,0,2151,328,241,10.268
1721607834.460717,10.10.1.10:57028,0,2151,332,241,10.235
1721607834.540378,10.10.1.10:57028,0,2151,335,241,10.236
1721607834.606056,10.10.1.10:57028,0,2151,338,241,10.243
1721607834.672107,10.10.1.10:57028,0,2151,342,241,10.311
1721607834.740153,10.10.1.10:57028,0,2151,345,241,10.295
1721607834.806056,10.10.1.10:57028,0,2151,348,241,10.283
1721607834.874314,10.10.1.10:57028,0,2151,352,241,10.281
1721607834.948120,10.10.1.10:57028,0,2151,355,241,10.299
1721607835.016613,10.10.1.10:57028,0,2151,358,241,10.288
1721607835.082595,10.10.1.10:57028,0,2151,362,241,10.292
1721607835.163833,10.10.1.10:57028,0,2151,365,241,10.271
1721607835.230119,10.10.1.10:57028,0,2151,369,241,10.236
1721607835.296185,10.10.1.10:57028,0,2151,372,241,10.31
1721607835.362500,10.10.1.10:57028,0,2151,376,241,10.293
1721607835.430096,10.10.1.10:57028,0,2151,379,241,10.278
1721607835.496066,10.10.1.10:57028,0,2151,381,241,10.265
1721607835.577299,10.10.1.10:57028,0,2151,386,241,10.286
1721607835.642917,10.10.1.10:57028,0,2151,390,241,10.315
1721607835.714781,10.10.1.10:57028,0,2151,392,241,10.321
1721607835.780532,10.10.1.10:57028,0,2151,395,241,10.359
1721607835.846518,10.10.1.10:57028,0,2151,399,241,10.244
1721607835.920427,10.10.1.10:57028,0,2151,402,241,10.288
1721607835.988982,10.10.1.10:57028,0,2151,406,241,10.291
1721607836.054661,10.10.1.10:57028,0,2151,410,241,10.255
1721607836.121879,10.10.1.10:57028,0,2206,288,287,10.369
1721607836.187575,10.10.1.10:57028,0,2206,291,287,10.274
1721607836.253727,10.10.1.10:57028,0,2206,295,287,10.24
1721607836.327130,10.10.1.10:57028,0,2206,298,287,10.205
1721607836.395111,10.10.1.10:57028,0,2206,303,287,10.247
1721607836.460797,10.10.1.10:57028,0,2206,305,287,10.27
1721607836.541540,10.10.1.10:57028,0,2206,309,287,10.252
1721607836.609787,10.10.1.10:57028,0,2206,313,287,10.284
1721607836.675352,10.10.1.10:57028,0,2206,317,287,10.264
1721607836.755752,10.10.1.10:57028,0,2206,319,287,10.244
1721607836.821562,10.10.1.10:57028,0,2206,323,287,10.316
1721607836.889604,10.10.1.10:57028,0,2206,325,287,10.246
1721607836.955753,10.10.1.10:57028,0,2206,329,287,10.254
1721607837.035422,10.10.1.10:57028,0,2206,331,287,10.28
1721607837.103573,10.10.1.10:57028,0,2206,335,287,10.288
1721607837.169709,10.10.1.10:57028,0,2206,338,287,10.249
1721607837.237488,10.10.1.10:57028,0,2206,341,287,10.338
1721607837.311263,10.10.1.10:57028,0,2206,344,287,10.311
1721607837.379563,10.10.1.10:57028,0,2206,348,287,10.274
1721607837.445726,10.10.1.10:57028,0,2206,351,287,10.256
1721607837.511422,10.10.1.10:57028,0,2206,354,287,10.258
1721607837.576985,10.10.1.10:57028,0,2206,358,287,10.272
1721607837.643073,10.10.1.10:57028,0,2206,361,287,10.28
1721607837.712314,10.10.1.10:57028,0,2206,365,287,10.248
1721607837.785940,10.10.1.10:57028,0,2206,368,287,10.254
1721607837.853818,10.10.1.10:57028,0,2206,371,287,10.252
1721607837.919772,10.10.1.10:57028,0,2206,375,287,10.271
1721607838.000114,10.10.1.10:57028,0,2206,378,287,10.289
1721607838.066461,10.10.1.10:57028,0,2206,382,287,10.261
1721607838.138597,10.10.1.10:57028,0,2206,385,287,10.268
1721607838.206705,10.10.1.10:57028,0,2206,389,287,10.26
1721607838.272323,10.10.1.10:57028,0,2206,392,287,10.288
1721607838.341668,10.10.1.10:57028,0,2206,394,287,10.302
1721607838.415169,10.10.1.10:57028,0,2206,398,287,10.275
1721607838.483637,10.10.1.10:57028,0,2206,402,287,10.274
1721607838.549273,10.10.1.10:57028,0,2206,405,287,10.281
1721607838.623245,10.10.1.10:57028,0,2206,408,287,10.257
1721607838.691741,10.10.1.10:57028,0,2206,412,287,10.276
1721607838.757839,10.10.1.10:57028,0,2206,416,287,10.291
1721607838.839068,10.10.1.10:57028,0,2206,419,287,10.315
1721607838.920661,10.10.1.10:57028,0,2206,423,287,10.293
1721607838.986344,10.10.1.10:57028,0,2206,427,287,10.266
1721607839.054610,10.10.1.10:57028,0,2206,430,287,10.229
1721607839.120038,10.10.1.10:57028,0,2206,434,287,10.28
1721607839.188124,10.10.1.10:57028,0,2206,437,287,10.273
1721607839.253804,10.10.1.10:57028,0,2206,439,287,10.318
1721607839.336392,10.10.1.10:57028,0,2206,443,287,10.31
1721607839.410375,10.10.1.10:57028,0,2206,448,287,10.282
1721607839.485179,10.10.1.10:57028,0,2206,451,287,10.276
1721607839.550783,10.10.1.10:57028,0,2206,454,287,10.252
1721607839.624408,10.10.1.10:57028,0,2206,458,287,10.244
1721607839.692706,10.10.1.10:57028,0,2206,462,287,10.255
1721607839.758227,10.10.1.10:57028,0,2206,465,287,10.228
1721607839.823701,10.10.1.10:57028,0,2206,468,287,10.314
1721607839.889160,10.10.1.10:57028,0,2206,472,287,10.274
1721607839.957566,10.10.1.10:57028,0,2206,474,287,10.254
1721607840.023406,10.10.1.10:57028,0,2206,478,287,10.253
1721607840.088888,10.10.1.10:57028,0,2206,481,287,10.267
1721607840.154654,10.10.1.10:57028,0,2206,484,287,10.223
1721607840.223594,10.10.1.10:57028,0,2206,488,287,10.227
1721607840.289025,10.10.1.10:57028,0,2206,491,287,10.286
1721607840.363976,10.10.1.10:57028,0,2206,494,287,10.235
1721607840.432812,10.10.1.10:57028,0,2206,498,287,10.252
1721607840.507753,10.10.1.10:57028,0,2206,502,287,10.266
1721607840.576897,10.10.1.10:57028,0,2206,505,287,10.275
1721607840.650375,10.10.1.10:57028,0,2206,508,287,10.276
1721607840.733483,10.10.1.10:57028,0,2206,512,287,10.269
1721607840.802704,10.10.1.10:57028,0,2206,516,287,10.288
1721607840.877605,10.10.1.10:57028,0,2206,520,287,10.268
1721607840.943579,10.10.1.10:57028,0,2206,524,287,10.259
1721607841.017172,10.10.1.10:57028,0,2206,527,287,10.279
1721607841.086647,10.10.1.10:57028,0,2206,530,287,10.248
1721607841.152246,10.10.1.10:57028,0,2206,534,287,10.275
1721607841.218436,10.10.1.10:57028,0,2206,538,287,10.282
1721607841.286540,10.10.1.10:57028,0,2362,378,377,10.282
1721607841.352068,10.10.1.10:57028,0,2362,382,377,10.271
1721607841.419827,10.10.1.10:57028,0,2362,387,377,10.314
1721607841.485530,10.10.1.10:57028,0,2362,391,377,10.332
1721607841.553659,10.10.1.10:57028,0,2362,395,377,10.331
1721607841.627283,10.10.1.10:57028,0,2362,398,377,10.265
1721607841.692854,10.10.1.10:57028,0,2362,403,377,10.315
1721607841.758834,10.10.1.10:57028,0,2362,407,377,10.299
1721607841.832655,10.10.1.10:57028,0,2362,411,377,10.321
1721607841.900984,10.10.1.10:57028,0,2362,414,377,10.274
1721607841.967002,10.10.1.10:57028,0,2362,419,377,10.255
1721607842.048480,10.10.1.10:57028,0,2362,422,377,10.266
1721607842.114853,10.10.1.10:57028,0,2362,426,377,10.254
1721607842.183232,10.10.1.10:57028,0,2362,430,377,10.268
1721607842.248870,10.10.1.10:57028,0,2362,433,377,10.266
1721607842.317508,10.10.1.10:57028,0,2362,437,377,10.266
1721607842.382888,10.10.1.10:57028,0,2362,440,377,10.281
1721607842.451635,10.10.1.10:57028,0,2362,443,377,10.247
1721607842.517413,10.10.1.10:57028,0,2362,446,377,10.269
1721607842.600152,10.10.1.10:57028,0,2362,449,377,10.3
1721607842.674046,10.10.1.10:57028,0,2362,453,377,10.287
1721607842.748386,10.10.1.10:57028,0,2362,456,377,10.255
1721607842.814253,10.10.1.10:57028,0,2362,459,377,10.282
1721607842.896375,10.10.1.10:57028,0,2362,462,377,10.274
1721607842.962015,10.10.1.10:57028,0,2362,465,377,10.239
1721607843.030821,10.10.1.10:57028,0,2362,467,377,10.246
1721607843.097198,10.10.1.10:57028,0,2362,470,377,10.287
1721607843.162948,10.10.1.10:57028,0,2362,473,377,10.277
1721607843.238786,10.10.1.10:57028,0,2362,475,377,10.259
1721607843.304527,10.10.1.10:57028,0,2362,478,377,10.334
1721607843.388195,10.10.1.10:57028,0,2362,480,377,10.285
1721607843.453941,10.10.1.10:57028,0,2362,483,377,10.311
1721607843.519510,10.10.1.10:57028,0,2362,486,377,10.29
1721607843.584894,10.10.1.10:57028,201,2600,236,343,10.443
1721607843.658523,10.10.1.10:57028,0,2600,346,343,10.287
1721607843.724523,10.10.1.10:57028,0,2600,349,343,10.268
1721607843.790797,10.10.1.10:57028,0,2600,351,343,10.274
1721607843.856397,10.10.1.10:57028,0,2600,354,343,10.282
1721607843.924457,10.10.1.10:57028,0,2600,358,343,10.275
1721607843.990249,10.10.1.10:57028,0,2600,361,343,10.24
1721607844.056218,10.10.1.10:57028,0,2600,365,343,10.177
1721607844.136678,10.10.1.10:57028,0,2600,368,343,10.219
1721607844.210636,10.10.1.10:57028,0,2600,372,343,10.226
1721607844.291574,10.10.1.10:57028,0,2600,375,343,10.261
1721607844.357931,10.10.1.10:57028,0,2600,379,343,10.28
1721607844.431278,10.10.1.10:57028,0,2600,383,343,10.272
1721607844.496839,10.10.1.10:57028,0,2600,387,343,10.234
1721607844.562825,10.10.1.10:57028,0,2600,389,343,10.263
1721607844.629157,10.10.1.10:57028,0,2600,392,343,10.227
1721607844.710044,10.10.1.10:57028,0,2600,395,343,10.38
1721607844.776274,10.10.1.10:57028,0,2600,399,343,10.266
1721607844.841950,10.10.1.10:57028,0,2600,403,343,10.229
1721607844.907435,10.10.1.10:57028,0,2600,406,343,10.223
1721607844.973189,10.10.1.10:57028,0,2600,410,343,10.271
1721607845.038782,10.10.1.10:57028,0,2600,413,343,10.214
1721607845.104478,10.10.1.10:57028,0,2600,416,343,10.221
1721607845.170084,10.10.1.10:57028,0,2600,420,343,10.249
1721607845.243280,10.10.1.10:57028,0,2600,423,343,10.228
1721607845.308784,10.10.1.10:57028,0,2600,426,343,10.252
1721607845.388583,10.10.1.10:57028,0,2600,430,343,10.247
1721607845.454062,10.10.1.10:57028,0,2600,434,343,10.336
1721607845.527567,10.10.1.10:57028,0,2600,436,343,10.286
1721607845.607119,10.10.1.10:57028,0,2600,440,343,10.329
1721607845.680808,10.10.1.10:57028,0,2600,444,343,10.46
1721607845.746300,10.10.1.10:57028,0,2600,448,343,10.213
1721607845.811945,10.10.1.10:57028,0,2600,451,343,10.258
1721607845.877318,10.10.1.10:57028,0,2600,454,343,10.198
1721607845.958147,10.10.1.10:57028,0,2600,458,343,10.213
1721607846.023749,10.10.1.10:57028,0,2600,462,343,10.294
1721607846.097213,10.10.1.10:57028,0,2600,465,343,10.216
1721607846.162920,10.10.1.10:57028,0,2600,469,343,10.262
1721607846.236493,10.10.1.10:57028,0,2600,472,343,10.252
1721607846.317491,10.10.1.10:57028,0,2600,475,343,10.264
1721607846.383098,10.10.1.10:57028,0,2600,479,343,10.286
1721607846.448714,10.10.1.10:57028,0,2600,483,343,10.293
1721607846.530151,10.10.1.10:57028,0,2600,486,343,10.205
1721607846.595849,10.10.1.10:57028,0,2600,490,343,10.221
1721607846.661632,10.10.1.10:57028,0,2600,493,343,10.209
1721607846.727315,10.10.1.10:57028,0,2600,497,343,10.273
1721607846.793195,10.10.1.10:57028,0,2877,348,348,10.204
1721607846.858824,10.10.1.10:57028,0,2877,352,348,10.231
1721607846.932648,10.10.1.10:57028,0,2877,357,348,10.178
1721607846.998256,10.10.1.10:57028,0,2877,360,348,10.26
1721607847.064265,10.10.1.10:57028,0,2877,365,348,10.234
1721607847.129887,10.10.1.10:57028,0,2877,369,348,10.268
1721607847.196499,10.10.1.10:57028,0,2877,372,348,10.276
1721607847.269886,10.10.1.10:57028,0,2877,376,348,10.259
1721607847.336268,10.10.1.10:57028,0,2877,380,348,10.254
1721607847.416160,10.10.1.10:57028,0,2877,383,348,10.261
1721607847.490324,10.10.1.10:57028,0,2877,387,348,10.278
1721607847.555777,10.10.1.10:57028,0,2877,391,348,10.29
1721607847.621622,10.10.1.10:57028,0,2877,395,348,10.291
1721607847.687342,10.10.1.10:57028,0,2877,397,348,10.255
1721607847.761138,10.10.1.10:57028,0,2877,401,348,10.215
1721607847.826666,10.10.1.10:57028,0,2877,405,348,10.215
1721607847.892095,10.10.1.10:57028,0,3044,284,284,10.201
1721607847.965813,10.10.1.10:57028,0,3044,286,284,10.267
1721607848.031914,10.10.1.10:57028,0,3044,290,284,10.253
1721607848.097535,10.10.1.10:57028,0,3044,293,284,10.227
1721607848.162850,10.10.1.10:57028,0,3044,296,284,10.333
1721607848.228432,10.10.1.10:57028,0,3044,300,284,10.285
1721607848.294018,10.10.1.10:57028,0,3044,303,284,10.178
1721607848.367802,10.10.1.10:57028,0,3044,306,284,10.209
1721607848.434000,10.10.1.10:57028,0,3044,310,284,10.228
1721607848.499661,10.10.1.10:57028,0,3044,313,284,10.246
1721607848.580032,10.10.1.10:57028,0,3044,316,284,10.287
1721607848.645903,10.10.1.10:57028,0,3044,321,284,10.253
1721607848.725914,10.10.1.10:57028,0,3044,324,284,10.213
1721607848.792218,10.10.1.10:57028,0,3044,327,284,10.258
1721607848.858629,10.10.1.10:57028,0,3044,331,284,10.264
1721607848.924151,10.10.1.10:57028,0,3044,334,284,10.381
1721607848.991309,10.10.1.10:57028,0,3044,337,284,10.272
1721607849.056974,10.10.1.10:57028,0,3044,341,284,10.287
1721607849.122680,10.10.1.10:57028,0,3044,343,284,10.335
1721607849.203363,10.10.1.10:57028,0,3044,346,284,10.239
1721607849.284775,10.10.1.10:57028,0,3044,351,284,10.251
1721607849.350936,10.10.1.10:57028,0,3044,355,284,10.278
1721607849.416904,10.10.1.10:57028,0,3044,358,284,10.257
1721607849.482668,10.10.1.10:57028,0,3214,251,251,10.252
1721607849.548216,10.10.1.10:57028,0,3214,255,251,10.182
1721607849.621520,10.10.1.10:57028,0,3214,259,251,10.205
1721607849.694957,10.10.1.10:57028,0,3214,261,251,10.168
1721607849.760524,10.10.1.10:57028,0,3214,265,251,10.346
1721607849.826319,10.10.1.10:57028,0,3214,268,251,10.254
1721607849.891696,10.10.1.10:57028,0,3214,271,251,10.296
1721607849.970834,10.10.1.10:57028,0,3214,273,251,10.203
1721607850.036318,10.10.1.10:57028,0,3214,277,251,10.213
1721607850.115303,10.10.1.10:57028,0,3214,281,251,10.277
1721607850.194097,10.10.1.10:57028,0,3214,285,251,10.243
1721607850.259575,10.10.1.10:57028,0,3214,289,251,10.276
1721607850.325747,10.10.1.10:57028,0,3214,292,251,10.377
1721607850.405583,10.10.1.10:57028,0,3214,296,251,10.259
1721607850.479236,10.10.1.10:57028,0,3214,300,251,10.248
1721607850.560666,10.10.1.10:57028,0,3214,303,251,10.225
1721607850.625984,10.10.1.10:57028,0,3214,306,251,10.259
1721607850.691904,10.10.1.10:57028,0,3214,310,251,10.244
1721607850.758591,10.10.1.10:57028,0,3214,313,251,10.284
1721607850.838773,10.10.1.10:57028,0,3214,316,251,10.242
1721607850.910961,10.10.1.10:57028,0,3214,320,251,10.277
1721607850.976987,10.10.1.10:57028,0,3214,324,251,10.225
1721607851.042249,10.10.1.10:57028,0,3214,328,251,10.215
1721607851.109123,10.10.1.10:57028,0,3214,330,251,10.29
1721607851.174553,10.10.1.10:57028,0,3214,334,251,10.28
1721607851.247855,10.10.1.10:57028,0,3214,337,251,10.269
1721607851.313870,10.10.1.10:57028,0,3214,340,251,10.292
1721607851.394463,10.10.1.10:57028,0,3214,343,251,10.301
1721607851.460884,10.10.1.10:57028,0,3214,347,251,10.247
1721607851.526671,10.10.1.10:57028,0,3214,351,251,10.207
1721607851.607773,10.10.1.10:57028,0,3214,354,251,10.263
1721607851.673935,10.10.1.10:57028,0,3214,358,251,10.256
1721607851.747380,10.10.1.10:57028,0,3214,361,251,10.376
1721607851.813469,10.10.1.10:57028,0,3214,365,251,10.258
1721607851.886765,10.10.1.10:57028,0,3312,257,256,10.282
1721607851.960002,10.10.1.10:57028,0,3312,260,256,10.338
1721607852.025320,10.10.1.10:57028,0,3312,264,256,10.306
1721607852.091112,10.10.1.10:57028,0,3312,268,256,10.399
1721607852.170504,10.10.1.10:57028,0,3312,270,256,10.168
1721607852.236012,10.10.1.10:57028,0,3312,274,256,10.356
1721607852.309419,10.10.1.10:57028,0,3312,277,256,10.167
1721607852.374907,10.10.1.10:57028,0,3312,280,256,10.251
1721607852.441316,10.10.1.10:57028,0,3312,284,256,10.302
1721607852.506830,10.10.1.10:57028,0,3312,286,256,10.279
1721607852.585340,10.10.1.10:57028,0,3312,290,256,10.262
1721607852.650869,10.10.1.10:57028,0,3312,294,256,10.236
1721607852.716254,10.10.1.10:57028,0,3312,296,256,10.245
1721607852.781437,10.10.1.10:57028,0,3312,300,256,10.165
1721607852.847265,10.10.1.10:57028,0,3312,304,256,10.164
1721607852.920777,10.10.1.10:57028,0,3312,306,256,10.167
1721607852.994457,10.10.1.10:57028,0,3312,310,256,10.253
1721607853.060115,10.10.1.10:57028,0,3312,314,256,10.26
1721607853.127553,10.10.1.10:57028,0,3312,317,256,10.275
1721607853.193008,10.10.1.10:57028,0,3312,320,256,10.324
1721607853.273129,10.10.1.10:57028,0,3312,324,256,10.25
1721607853.346816,10.10.1.10:57028,0,3312,328,256,10.206
1721607853.412929,10.10.1.10:57028,0,3312,332,256,10.263
1721607853.478382,10.10.1.10:57028,0,3445,234,233,10.354
1721607853.544120,10.10.1.10:57028,0,3445,235,233,10.19
1721607853.609526,10.10.1.10:57028,0,3445,239,233,10.243
1721607853.682765,10.10.1.10:57028,0,3445,243,233,10.231
1721607853.760929,10.10.1.10:57028,0,3445,245,233,10.225
1721607853.826225,10.10.1.10:57028,0,3445,249,233,10.188
1721607853.905769,10.10.1.10:57028,0,3445,253,233,10.256
1721607853.970870,10.10.1.10:57028,0,3445,257,233,10.184
1721607854.046111,10.10.1.10:57028,0,3445,259,233,10.248
1721607854.111638,10.10.1.10:57028,0,3445,263,233,10.204
1721607854.191147,10.10.1.10:57028,0,3445,267,233,10.211
1721607854.270543,10.10.1.10:57028,0,3445,271,233,10.253
1721607854.336022,10.10.1.10:57028,0,3445,275,233,10.202
1721607854.401727,10.10.1.10:57028,0,3445,278,233,10.324
1721607854.467449,10.10.1.10:57028,0,3445,281,233,10.195
1721607854.532988,10.10.1.10:57028,0,3445,285,233,10.202
1721607854.611740,10.10.1.10:57028,0,3445,287,233,10.275
1721607854.677044,10.10.1.10:57028,0,3445,291,233,10.247
1721607854.742959,10.10.1.10:57028,0,3445,295,233,10.237
1721607854.808529,10.10.1.10:57028,0,3445,298,233,10.23
1721607854.874139,10.10.1.10:57028,0,3445,301,233,10.215
1721607854.939767,10.10.1.10:57028,0,3445,305,233,10.175
1721607855.005633,10.10.1.10:57028,0,3445,307,233,10.192
1721607855.078929,10.10.1.10:57028,0,3445,311,233,10.242
1721607855.144341,10.10.1.10:57028,0,3445,315,233,10.222
1721607855.224643,10.10.1.10:57028,0,3445,317,233,10.23
1721607855.290404,10.10.1.10:57028,0,3445,321,233,10.256
1721607855.369939,10.10.1.10:57028,0,3445,325,233,10.206
1721607855.435575,10.10.1.10:57028,0,3445,329,233,10.252
1721607855.509343,10.10.1.10:57028,0,3445,333,233,10.207
1721607855.575939,10.10.1.10:57028,0,3445,336,233,10.27
1721607855.641413,10.10.1.10:57028,0,3445,339,233,10.266
1721607855.706896,10.10.1.10:57028,0,3445,342,233,10.256
1721607855.772960,10.10.1.10:57028,0,3445,345,233,10.252
1721607855.838662,10.10.1.10:57028,0,3445,349,233,10.212
1721607855.904545,10.10.1.10:57028,0,3445,352,233,10.207
1721607855.970126,10.10.1.10:57028,0,3445,355,233,10.26
1721607856.050906,10.10.1.10:57028,0,3445,359,233,10.262
1721607856.117163,10.10.1.10:57028,0,3445,363,233,10.247
1721607856.182963,10.10.1.10:57028,0,3445,366,233,10.244
1721607856.263142,10.10.1.10:57028,0,3445,369,233,10.297
1721607856.342672,10.10.1.10:57028,0,3445,373,233,10.299
1721607856.408477,10.10.1.10:57028,0,3445,377,233,10.508
1721607856.487921,10.10.1.10:57028,0,3445,380,233,10.273
1721607856.553613,10.10.1.10:57028,0,3445,384,233,10.301
1721607856.619482,10.10.1.10:57028,0,3445,387,233,10.259
1721607856.685194,10.10.1.10:57028,0,3445,391,233,10.25
1721607856.750924,10.10.1.10:57028,0,3445,393,233,10.33
1721607856.816356,10.10.1.10:57028,0,3445,397,233,10.267
1721607856.889824,10.10.1.10:57028,0,3445,400,233,10.299
1721607856.971585,10.10.1.10:57028,0,3445,403,233,10.271
1721607857.037305,10.10.1.10:57028,0,3445,407,233,10.239
1721607857.103260,10.10.1.10:57028,0,3445,411,233,10.252
1721607857.168614,10.10.1.10:57028,0,3445,415,233,10.294
1721607857.242460,10.10.1.10:57028,0,3445,417,233,10.232
1721607857.324258,10.10.1.10:57028,0,3445,421,233,10.244
1721607857.389888,10.10.1.10:57028,0,3445,425,233,10.254
1721607857.456254,10.10.1.10:57028,0,3445,428,233,10.271
1721607857.521928,10.10.1.10:57028,0,3445,431,233,10.291
1721607857.588567,10.10.1.10:57028,0,3445,434,233,10.261
1721607857.662687,10.10.1.10:57028,0,3445,438,233,10.311
1721607857.728874,10.10.1.10:57028,0,3445,442,233,10.263
1721607857.809932,10.10.1.10:57028,0,3445,444,233,10.201
1721607857.883551,10.10.1.10:57028,0,3445,448,233,10.207
1721607857.949553,10.10.1.10:57028,0,3445,452,233,10.225
1721607858.015151,10.10.1.10:57028,0,3445,456,233,10.217
1721607858.081069,10.10.1.10:57028,0,3445,459,233,10.245
1721607858.163489,10.10.1.10:57028,0,3445,463,233,10.263
1721607858.228923,10.10.1.10:57028,0,3445,467,233,10.285
1721607858.294650,10.10.1.10:57028,0,3445,470,233,10.22
1721607858.367488,10.10.1.10:57028,0,3445,473,233,10.223
1721607858.432986,10.10.1.10:57028,0,3445,476,233,10.273
1721607858.501183,10.10.1.10:57028,0,3445,479,233,10.285
1721607858.567003,10.10.1.10:57028,0,3445,483,233,10.473
1721607858.635326,10.10.1.10:57028,0,3445,487,233,10.208
1721607858.700929,10.10.1.10:57028,0,3445,490,233,10.314
1721607858.769476,10.10.1.10:57028,0,3445,493,233,10.289
1721607858.843196,10.10.1.10:57028,0,3445,496,233,10.265
1721607858.911965,10.10.1.10:57028,0,3445,500,233,10.26
1721607858.985942,10.10.1.10:57028,0,3445,504,233,10.27
1721607859.051885,10.10.1.10:57028,0,3445,508,233,10.267
1721607859.117442,10.10.1.10:57028,0,3445,510,233,10.28
1721607859.186015,10.10.1.10:57028,0,3445,514,233,10.333
1721607859.251121,10.10.1.10:57024,,,10,,14.273
